
  ___  ____  ____  ____  ____ ®
 /__    /   ____/   /   ____/      StataNow 19.5
___/   /   /___/   /   /___/       MP—Parallel Edition

 Statistics and Data Science       Copyright 1985-2025 StataCorp LLC
                                   StataCorp
                                   4905 Lakeway Drive
                                   College Station, Texas 77845 USA
                                   800-782-8272        https://www.stata.com
                                   979-696-4600        service@stata.com

Stata license: 4-user 4-core network, expiring  6 May 2027
Serial number: 501909369296
  Licensed to: Eric Booth
               Texas 2036

Notes:
      1. Stata is running in batch mode.
      2. Unicode is supported; see help unicode_advice.
      3. More than 2 billion observations are allowed; see help obs_advice.
      4. Maximum number of variables is set to 5,000 but can be increased;
          see help set_maxvar.


Running /Users/ericbooth/Documents/Stata/ado/personal/profile.do ...
-------------------------------------------------------------------------------
  [1]  (BASE)      "/Applications/StataNow/ado/base/"
  [2]  (SITE)      "/Users/ericbooth/Library/CloudStorage/GoogleDrive-eric.boot
> h@texas2036.org/Shared drives/Data and Research Team//_codeshare/"
  [3]              "."
  [4]  (PERSONAL)  "/Users/ericbooth/Documents/Stata/ado/personal/"
  [5]  (PLUS)      "/Users/ericbooth/Library/Application Support/Stata/ado/plus
> /"
  [6]  (OLDPLACE)  "~/ado/"

Click [here] for other links
-------------------------------------------------------------------------------

. do work/explore_benchmarks.do 

. clear all

. macro drop _all

. set more off

. set seed 20360702

. adopath + "code"
  [1]  (BASE)      "/Applications/StataNow/ado/base/"
  [2]  (SITE)      "/Users/ericbooth/Library/CloudStorage/GoogleDrive-eric.boot
> h@texas2036.org/Shared drives/Data and Research Team//_codeshare/"
  [3]              "."
  [4]  (PERSONAL)  "/Users/ericbooth/Documents/Stata/ado/personal/"
  [5]  (PLUS)      "/Users/ericbooth/Library/Application Support/Stata/ado/plus
> /"
  [6]  (OLDPLACE)  "~/ado/"
  [7]              "code"

. 
. tempname bench

. global BENCH `bench'

. postfile `bench' str24 scenario str32 model double r2 rmse_y rmse_true using 
> "work/benchmark_results.dta", replace

. 
. capture program drop _metrics

. program define _metrics
  1.     syntax, Scenario(string) Model(string) Fitvar(name) Truevar(name) Yvar
> (name)
  2.     tempvar resy rest tssy
  3.     quietly gen double `resy' = (`yvar' - `fitvar')^2
  4.     quietly gen double `rest' = (`truevar' - `fitvar')^2
  5.     quietly summarize `resy', meanonly
  6.     local rmse_y = sqrt(r(mean))
  7.     quietly summarize `rest', meanonly
  8.     local rmse_true = sqrt(r(mean))
  9.     quietly summarize `yvar', meanonly
 10.     local ybar = r(mean)
 11.     quietly gen double `tssy' = (`yvar' - `ybar')^2
 12.     quietly summarize `resy', meanonly
 13.     local rss = r(sum)
 14.     quietly summarize `tssy', meanonly
 15.     local tss = r(sum)
 16.     local r2 = 1 - (`rss' / `tss')
 17.     post $BENCH ("`scenario'") ("`model'") (`r2') (`rmse_y') (`rmse_true')
 18. end

. 
. capture program drop _run_models

. program define _run_models
  1.     syntax, Scenario(string) Xvar(name) Yvar(name) Truevar(name)
  2.     regress `yvar' `xvar'
  3.     predict double fit_linear, xb
  4.     _metrics, scenario("`scenario'") model("Linear regression") fitvar(fit
> _linear) truevar(`truevar') yvar(`yvar')
  5. 
.     quietly npregress kernel `yvar' `xvar'
  6.     predict double fit_np, mean
  7.     _metrics, scenario("`scenario'") model("npregress kernel") fitvar(fit_
> np) truevar(`truevar') yvar(`yvar')
  8. 
.     foreach p in xy xonly {
  9.         foreach o in 2 3 4 5 {
 10.             capture noisily nnsreg `yvar' `xvar', order(`o') method(connec
> t) partition(`p') noplot generate(fit_conn_`p'_`o')
 11.             if !_rc {
 12.                 _metrics, scenario("`scenario'") model("NNS connect `p' o`
> o'") fitvar(fit_conn_`p'_`o') truevar(`truevar') yvar(`yvar')
 13.             }
 14.             capture noisily nnsreg `yvar' `xvar', order(`o') method(ols) p
> artition(`p') noplot generate(fit_ols_`p'_`o')
 15.             if !_rc {
 16.                 _metrics, scenario("`scenario'") model("NNS OLS `p' o`o'")
>  fitvar(fit_ols_`p'_`o') truevar(`truevar') yvar(`yvar')
 17.             }
 18.         }
 19.     }
 20. end

. 
. // Smooth S-curve with moderate noise
. clear

. set obs 250
Number of observations (_N) was 0, now 250.

. gen x = 5 + 15 * runiform()

. gen true = 40 + 45 / (1 + exp(-0.8 * (x - 11)))

. gen y = true + rnormal(0, 4)

. _run_models, scenario("s_curve_noise") xvar(x) yvar(y) truevar(true)

      Source |       SS           df       MS      Number of obs   =       250
-------------+----------------------------------   F(1, 248)       =   1536.05
       Model |  65931.9042         1  65931.9042   Prob > F        =    0.0000
    Residual |  10644.8879       248  42.9229349   R-squared       =    0.8610
-------------+----------------------------------   Adj R-squared   =    0.8604
       Total |  76576.7921       249  307.537318   Root MSE        =    6.5516

------------------------------------------------------------------------------
           y | Coefficient  Std. err.      t    P>|t|     [95% conf. interval]
-------------+----------------------------------------------------------------
           x |   3.929791   .1002689    39.19   0.000     3.732304    4.127278
       _cons |   17.68517   1.281188    13.80   0.000     15.16177    20.20857
------------------------------------------------------------------------------

Nonlinear Nonparametric Statistics (NNS) Regression
Dependent variable:   y
Independent variable:  x
Method:               connect
Noise reduction:      mean
Partition:            xy
Order:                2
Number of obs:        250
R-squared:            0.8851
Root MSE:             5.9455

------------------------------------------------------------------------------
           y | Coefficient  Std. err.      t    P>|t|     [95% conf. interval]
-------------+----------------------------------------------------------------
           x |   2.411954   .6556432     3.68   0.000     1.120485    3.703423
       knot1 |   4.275758   1.159369     3.69   0.000     1.992062    6.559454
       knot2 |  -4.424738   8.895873    -0.50   0.619     -21.9476    13.09813
       knot3 |  -17.14535   16.67956    -1.03   0.305    -50.00033    15.70963
       knot4 |    20.0744   8.822026     2.28   0.024     2.697004     37.4518
       knot5 |  -4.424098   .8903988    -4.97   0.000    -6.177983   -2.670214
       _cons |   27.83028   4.668136     5.96   0.000      18.6351    37.02545
------------------------------------------------------------------------------

Nonlinear Nonparametric Statistics (NNS) Regression
Dependent variable:   y
Independent variable:  x
Method:               ols
Noise reduction:      mean
Partition:            xy
Order:                2
Number of obs:        250
R-squared:            0.9454
Root MSE:             4.1477

------------------------------------------------------------------------------
           y | Coefficient  Std. err.      t    P>|t|     [95% conf. interval]
-------------+----------------------------------------------------------------
           x |   .7625638   .4573875     1.67   0.097    -.1383864    1.663514
       knot1 |   6.467861   .8087952     8.00   0.000     4.874717    8.061005
       knot2 |   2.811717   6.205908     0.45   0.651    -9.412521    15.03596
       knot3 |  -2.658089   11.63594    -0.23   0.819    -25.57827    20.26209
       knot4 |  -4.533273   6.154391    -0.74   0.462    -16.65603    7.589488
       knot5 |  -2.552318   .6211569    -4.11   0.000    -3.775857    -1.32878
       _cons |   36.73382   3.256569    11.28   0.000     30.31912    43.14853
------------------------------------------------------------------------------

Nonlinear Nonparametric Statistics (NNS) Regression
Dependent variable:   y
Independent variable:  x
Method:               connect
Noise reduction:      mean
Partition:            xy
Order:                3
Number of obs:        250
R-squared:            0.9179
Root MSE:             5.0248

------------------------------------------------------------------------------
           y | Coefficient  Std. err.      t    P>|t|     [95% conf. interval]
-------------+----------------------------------------------------------------
           x |   .4102588   1.836934     0.22   0.823    -3.208389    4.028907
       knot1 |   21.63672   7.381531     2.93   0.004     7.095553    36.17789
       knot2 |  -22.93406     6.5576    -3.50   0.001    -35.85213   -10.01598
       knot3 |   12.21078   2.631874     4.64   0.000      7.02615    17.39541
       knot4 |  -2.119215   7.143646    -0.30   0.767    -16.19177    11.95333
       knot5 |   2.973112   10.55826     0.28   0.779    -17.82603    23.77225
       knot6 |  -7.081525   6.807886    -1.04   0.299    -20.49265    6.329598
       knot7 |  -7.167709   2.212485    -3.24   0.001    -11.52617   -2.809248
       knot8 |   7.036674   1.806896     3.89   0.000     3.477199    10.59615
       knot9 |  -4.708225   1.636281    -2.88   0.004      -7.9316    -1.48485
       _cons |   38.60221   10.95557     3.52   0.001     17.02041    60.18402
------------------------------------------------------------------------------

Nonlinear Nonparametric Statistics (NNS) Regression
Dependent variable:   y
Independent variable:  x
Method:               ols
Noise reduction:      mean
Partition:            xy
Order:                3
Number of obs:        250
R-squared:            0.9487
Root MSE:             4.0557

------------------------------------------------------------------------------
           y | Coefficient  Std. err.      t    P>|t|     [95% conf. interval]
-------------+----------------------------------------------------------------
           x |   1.618582   1.482641     1.09   0.276    -1.302131    4.539294
       knot1 |  -6.057831   5.957841    -1.02   0.310    -17.79442    5.678754
       knot2 |   7.908039   5.292823     1.49   0.136    -2.518501    18.33458
       knot3 |    7.89245   2.124259     3.72   0.000     3.707789    12.07711
       knot4 |  -8.232972   5.765837    -1.43   0.155    -19.59132    3.125378
       knot5 |   7.459713   8.521871     0.88   0.382    -9.327857    24.24728
       knot6 |  -4.425672   5.494836    -0.81   0.421    -15.25016    6.398821
       knot7 |  -4.374515   1.785758    -2.45   0.015     -7.89235   -.8566786
       knot8 |  -.1691717   1.458396    -0.12   0.908    -3.042124    2.703781
       knot9 |   -1.63018   1.320688    -1.23   0.218    -4.231856    .9714961
       _cons |   31.77345   8.842546     3.59   0.000     14.35417    49.19273
------------------------------------------------------------------------------

Nonlinear Nonparametric Statistics (NNS) Regression
Dependent variable:   y
Independent variable:  x
Method:               connect
Noise reduction:      mean
Partition:            xy
Order:                4
Number of obs:        250
R-squared:            0.9286
Root MSE:             4.6875

------------------------------------------------------------------------------
           y | Coefficient  Std. err.      t    P>|t|     [95% conf. interval]
-------------+----------------------------------------------------------------
           x |  -4.426843   5.677101    -0.78   0.436    -15.61447    6.760788
       knot1 |   18.25649   11.61431     1.57   0.117    -4.631346    41.14433
       knot2 |  -7.588803   9.497278    -0.80   0.425     -26.3047    11.12709
       knot3 |  -36.35534   13.66065    -2.66   0.008    -63.27583   -9.434858
       knot4 |   49.86677   23.38218     2.13   0.034      3.78847    95.94506
       knot5 |  -17.80957   15.32037    -1.16   0.246     -48.0008    12.38166
       knot6 |  -7.682401   9.602129    -0.80   0.425    -26.60492    11.24012
       knot7 |   21.76703   11.67861     1.86   0.064    -1.247525    44.78158
       knot8 |  -22.32959   11.70231    -1.91   0.058    -45.39086    .7316791
       knot9 |   38.69529   14.24406     2.72   0.007     10.62511    66.76547
      knot10 |  -44.82613   14.96967    -2.99   0.003    -74.32624   -15.32602
      knot11 |   41.42789   19.05254     2.17   0.031     3.881837    78.97394
      knot12 |   38.56857    87.5321     0.44   0.660    -133.9273    211.0645
      knot13 |  -72.84735   92.25692    -0.79   0.431    -254.6543    108.9596
      knot14 |    144.241    200.939     0.72   0.474    -251.7413    540.2233
      knot15 |  -257.2621   286.1678    -0.90   0.370    -821.2013    306.6771
      knot16 |   129.1183   120.6767     1.07   0.286    -108.6943    366.9309
      knot17 |    147.782   149.2046     0.99   0.323    -146.2493    441.8133
      knot18 |   -161.707   147.7554    -1.09   0.275    -452.8825    129.4685
      knot19 |   216.7015   137.6725     1.57   0.117    -54.60399     488.007
      knot20 |  -219.3059   135.9586    -1.61   0.108     -487.234     48.6221
      knot21 |    32.9017   8.556813     3.85   0.000     16.03914    49.76426
      knot22 |  -938.7639   380.7018    -2.47   0.014    -1688.997   -188.5306
      knot23 |   911.8875   375.2719     2.43   0.016     172.3545     1651.42
      knot24 |   100.5607   53.54719     1.88   0.062    -4.962501     206.084
      knot25 |  -103.9857   56.45192    -1.84   0.067    -215.2332    7.261778
       _cons |   63.10872   30.90074     2.04   0.042     2.213896    124.0035
------------------------------------------------------------------------------

Nonlinear Nonparametric Statistics (NNS) Regression
Dependent variable:   y
Independent variable:  x
Method:               ols
Noise reduction:      mean
Partition:            xy
Order:                4
Number of obs:        250
R-squared:            0.9501
Root MSE:             4.1384

------------------------------------------------------------------------------
           y | Coefficient  Std. err.      t    P>|t|     [95% conf. interval]
-------------+----------------------------------------------------------------
           x |  -5.897863   5.011989    -1.18   0.241    -15.77478    3.979057
       knot1 |   16.72643   10.25361     1.63   0.104    -3.479935     36.9328
       knot2 |  -11.93655   8.384605    -1.42   0.156    -28.45975    4.586645
       knot3 |   3.580391   12.06021     0.30   0.767    -20.18617    27.34695
       knot4 |  -3.925349   20.64279    -0.19   0.849    -44.60525    36.75455
       knot5 |   7.800292   13.52548     0.58   0.565    -18.85382    34.45441
       knot6 |  -11.02869   8.477172    -1.30   0.195     -27.7343    5.676925
       knot7 |   15.62556   10.31038     1.52   0.131    -4.692679    35.94379
       knot8 |  -3.037274    10.3313    -0.29   0.769    -23.39675     17.3222
       knot9 |   5.323853   12.57526     0.42   0.672     -19.4577    30.10541
      knot10 |  -8.268119   13.21587    -0.63   0.532    -34.31208    17.77584
      knot11 |  -1.474985    16.8204    -0.09   0.930    -34.62225    31.67228
      knot12 |   75.25981   77.27709     0.97   0.331    -77.02699    227.5466
      knot13 |   -79.3078   81.44837    -0.97   0.331    -239.8148    81.19916
      knot14 |    29.3467   177.3976     0.17   0.869    -320.2435    378.9369
      knot15 |  -24.53412   252.6413    -0.10   0.923    -522.4039    473.3356
      knot16 |   2.326318   106.5386     0.02   0.983    -207.6249    212.2775
      knot17 |   52.81809   131.7242     0.40   0.689    -206.7654    312.4016
      knot18 |  -56.69836   130.4448    -0.43   0.664    -313.7606    200.3639
      knot19 |   65.69755   121.5432     0.54   0.589    -173.8226    305.2177
      knot20 |  -68.29615   120.0301    -0.57   0.570    -304.8345    168.2422
      knot21 |   6.150724   7.554322     0.81   0.416    -8.736267    21.03772
      knot22 |  -56.20781   336.0999    -0.17   0.867     -718.546    606.1304
      knot23 |   50.46368   331.3062     0.15   0.879    -602.4278    703.3552
      knot24 |   37.60587   47.27376     0.80   0.427    -55.55458    130.7663
      knot25 |  -41.34186   49.83818    -0.83   0.408    -139.5559    56.87219
       _cons |   72.14542    27.2805     2.64   0.009     18.38485     125.906
------------------------------------------------------------------------------

Nonlinear Nonparametric Statistics (NNS) Regression
Dependent variable:   y
Independent variable:  x
Method:               connect
Noise reduction:      mean
Partition:            xy
Order:                5
Number of obs:        250
R-squared:            0.9256
Root MSE:             4.7846

------------------------------------------------------------------------------
           y | Coefficient  Std. err.      t    P>|t|     [95% conf. interval]
-------------+----------------------------------------------------------------
           x |  -3.948553   15.15616    -0.26   0.795     -33.8377    25.94059
       knot1 |   68.27225    37.3616     1.83   0.069    -5.407777    141.9523
       knot2 |  -91.79953   34.95189    -2.63   0.009    -160.7274   -22.87164
       knot3 |   46.20746    20.5117     2.25   0.025     5.756766    86.65816
       knot4 |   629.0153    178.563     3.52   0.001     276.8748    981.1557
       knot5 |  -753.1216          .        .       .            .           .
       knot6 |   105.5089   181.7735     0.58   0.562    -252.9629    463.9806
       knot7 |  -399.6925   634.9384    -0.63   0.530    -1651.841    852.4561
       knot8 |   452.6098   666.0617     0.68   0.498    -860.9166    1766.136
       knot9 |  -101.2622   67.34589    -1.50   0.134    -234.0736    31.54926
      knot10 |    48.0925   33.35825     1.44   0.151    -17.69261    113.8776
      knot11 |   -31.4827   35.71355    -0.88   0.379    -101.9126    38.94724
      knot12 |   151.9372   74.59143     2.04   0.043     4.836976    299.0374
      knot13 |  -120.3542   55.39789    -2.17   0.031    -229.6032   -11.10514
      knot14 |  -5.721846   18.21636    -0.31   0.754    -41.64595    30.20226
      knot15 |   40.40822   43.47911     0.93   0.354    -45.33602    126.1525
      knot16 |  -50.32321   80.97763    -0.62   0.535    -210.0175    109.3711
      knot17 |   46.55803   77.31046     0.60   0.548    -105.9043    199.0204
      knot18 |  -35.47876    34.2567    -1.04   0.302    -103.0357    32.07816
      knot19 |   23.21049   275.6935     0.08   0.933     -520.479    566.8999
      knot20 |   2261.855          .        .       .            .           .
      knot21 |  -2264.128   275.0346    -8.23   0.000    -2806.518   -1721.738
      knot22 |  -28.79499   16.84838    -1.71   0.089    -62.02134    4.431348
      knot23 |    40.1214    32.3204     1.24   0.216    -23.61699    103.8598
      knot24 |   2.938124   59.71188     0.05   0.961    -114.8184    120.6947
      knot25 |   36.93694   117.6736     0.31   0.754    -195.1248    268.9987
      knot26 |  -72.84735   102.3897    -0.71   0.478    -274.7679    129.0732
      knot27 |    144.241   183.1622     0.79   0.432    -216.9695    505.4514
      knot28 |  -154.7672   182.7223    -0.85   0.398    -515.1101    205.5756
      knot29 |   71.87681   38.25178     1.88   0.062    -3.558719    147.3123
      knot30 |  -119.3557   305.5839    -0.39   0.697    -721.9913    483.2799
      knot31 |   41.40778   354.6959     0.12   0.907    -658.0806    740.8962
      knot32 |   81.25828   94.29057     0.86   0.390    -104.6902    267.2067
      knot33 |  -80.78265   55.49264    -1.46   0.147    -190.2185    28.65322
      knot34 |   59.14892   127.7955     0.46   0.644    -192.8739    311.1717
      knot35 |  -38.63575   117.4937    -0.33   0.743    -270.3426    193.0711
      knot36 |   214.4822    182.446     1.18   0.241    -145.3157      574.28
      knot37 |  -207.9875   179.8398    -1.16   0.249    -562.6457    146.6708
      knot38 |  -70.07197   32.27671    -2.17   0.031    -133.7242   -6.419749
      knot39 |   98.17612   67.99551     1.44   0.150    -35.91641    232.2686
      knot40 |   85.21042   256.0946     0.33   0.740    -419.8283    590.2492
      knot41 |   -122.174    219.103    -0.56   0.578    -554.2624    309.9144
      knot42 |    16.8511    23.7908     0.71   0.480    -30.06624    63.76843
      knot43 |  -41.21276   49.58696    -0.83   0.407    -139.0022    56.57664
      knot44 |   7142.496   2692.847     2.65   0.009     1831.989       12453
      knot45 |  -7119.718   2672.432    -2.66   0.008    -12389.96   -1849.471
      knot46 |  -28.18596    145.918    -0.19   0.847    -315.9477    259.5758
      knot47 |   100.0115   283.9743     0.35   0.725    -460.0082    660.0313
      knot48 |  -141.5186   184.6926    -0.77   0.444    -505.7471    222.7098
      knot49 |   83.24115     49.845     1.67   0.097    -15.05713    181.5394
      knot50 |  -132.7773   59.27308    -2.24   0.026    -249.6685    -15.8861
      knot51 |   318.8061   224.3777     1.42   0.157    -123.6845    761.2966
      knot52 |  -261.6684   279.6387    -0.94   0.351    -813.1381    289.8012
      knot53 |   67.63378    149.603     0.45   0.652    -227.3951    362.6626
       _cons |   56.23909   79.03872     0.71   0.478    -99.63151    212.1097
------------------------------------------------------------------------------

Nonlinear Nonparametric Statistics (NNS) Regression
Dependent variable:   y
Independent variable:  x
Method:               ols
Noise reduction:      mean
Partition:            xy
Order:                5
Number of obs:        250
R-squared:            0.9598
Root MSE:             3.9546

------------------------------------------------------------------------------
           y | Coefficient  Std. err.      t    P>|t|     [95% conf. interval]
-------------+----------------------------------------------------------------
           x |   25.21583   12.52715     2.01   0.045     .5113112    49.92036
       knot1 |  -97.43674   30.88079    -3.16   0.002    -158.3361   -36.53738
       knot2 |   87.19605   28.88907     3.02   0.003     30.22451    144.1676
       knot3 |   -6.11797   16.95371    -0.36   0.719    -39.55202    27.31608
       knot4 |  -58.48823   147.5892    -0.40   0.692    -349.5458    232.5693
       knot5 |          0  (omitted)
       knot6 |   48.91514   150.2428     0.33   0.745    -247.3755    345.2058
       knot7 |  -726.2803   524.8008    -1.38   0.168    -1761.229    308.6685
       knot8 |   785.2207   550.5255     1.43   0.155    -300.4591    1870.901
       knot9 |  -81.01776   55.66395    -1.46   0.147    -190.7915    28.75596
      knot10 |   21.31436   27.57187     0.77   0.440    -33.05955    75.68828
      knot11 |   57.23909   29.51861     1.94   0.054    -.9739457    115.4521
      knot12 |  -84.22637   61.65267    -1.37   0.173    -205.8103    37.35756
      knot13 |   30.43795   45.78848     0.66   0.507    -59.86054    120.7364
      knot14 |  -6.666827   15.05652    -0.44   0.658    -36.35947    23.02582
      knot15 |   25.65173   35.93715     0.71   0.476    -45.21916    96.52262
      knot16 |  -3.916979   66.93111    -0.06   0.953    -135.9104    128.0765
      knot17 |  -14.60801   63.90005    -0.23   0.819     -140.624    111.4079
      knot18 |    .929377   28.31447     0.03   0.974      -54.909    56.76775
      knot19 |   307.5557   227.8713     1.35   0.179    -141.8244    756.9359
      knot20 |          0  (omitted)
      knot21 |  -305.0955   227.3266    -1.34   0.181    -753.4016    143.2105
      knot22 |   4.748047   13.92583     0.34   0.734     -22.7148    32.21089
      knot23 |  -38.94926   26.71405    -1.46   0.146    -91.63148    13.73296
      knot24 |    82.6583   49.35415     1.67   0.096    -14.67199    179.9886
      knot25 |  -28.89343   97.26177    -0.30   0.767    -220.7013    162.9145
      knot26 |  -25.18388     84.629    -0.30   0.766     -192.079    141.7112
      knot27 |   62.16488   151.3906     0.41   0.682    -236.3894    360.7191
      knot28 |  -57.49203    151.027    -0.38   0.704    -355.3292    240.3451
      knot29 |  -31.32278   31.61656    -0.99   0.323    -93.67313    31.02757
      knot30 |   489.6935   252.5768     1.94   0.054    -8.407889    987.7949
      knot31 |  -526.4732   293.1697    -1.80   0.074    -1104.627    51.68073
      knot32 |   79.91216   77.93476     1.03   0.306    -73.78135    233.6057
      knot33 |  -24.55012   45.86679    -0.54   0.593    -115.0031    65.90281
      knot34 |   29.81405   105.6279     0.28   0.778    -178.4925    238.1206
      knot35 |  -17.88559   97.11305    -0.18   0.854    -209.4002     173.629
      knot36 |  -147.3931   150.7986    -0.98   0.330    -444.7797    149.9936
      knot37 |   155.0509   148.6444     1.04   0.298    -138.0877    448.1894
      knot38 |   -65.2672   26.67793    -2.45   0.015    -117.8782    -12.6562
      knot39 |   34.98295   56.20089     0.62   0.534    -75.84965    145.8155
      knot40 |   187.4479    211.672     0.89   0.377    -229.9859    604.8818
      knot41 |  -162.6457    181.097    -0.90   0.370    -519.7833    194.4919
      knot42 |   -18.5242     19.664    -0.94   0.347    -57.30317    20.25477
      knot43 |   12.17337   40.98552     0.30   0.767    -68.65331    93.00004
      knot44 |   976.3853   2225.741     0.44   0.661    -3412.952    5365.722
      knot45 |  -976.3638   2208.867    -0.44   0.659    -5332.424    3379.696
      knot46 |   -38.4961   120.6068    -0.32   0.750    -276.3422      199.35
      knot47 |   139.7091   234.7156     0.60   0.552    -323.1686    602.5868
      knot48 |  -171.2143   152.6555    -1.12   0.263    -472.2631    129.8345
      knot49 |   72.85739    41.1988     1.77   0.079    -8.389897    154.1047
      knot50 |  -32.26297   48.99147    -0.66   0.511     -128.878    64.35208
      knot51 |   109.4586   185.4567     0.59   0.556    -256.2767     475.194
      knot52 |  -76.32125   231.1321    -0.33   0.742     -532.132    379.4895
      knot53 |  -12.93325   123.6526    -0.10   0.917    -256.7859    230.9194
       _cons |  -88.39441   65.32852    -1.35   0.178    -217.2274     40.4386
------------------------------------------------------------------------------

Nonlinear Nonparametric Statistics (NNS) Regression
Dependent variable:   y
Independent variable:  x
Method:               connect
Noise reduction:      mean
Partition:            xonly
Order:                2
Number of obs:        250
R-squared:            0.9134
Root MSE:             5.1614

------------------------------------------------------------------------------
           y | Coefficient  Std. err.      t    P>|t|     [95% conf. interval]
-------------+----------------------------------------------------------------
           x |   2.813588    .489464     5.75   0.000     1.849494    3.777683
       knot1 |    2.13851   .7914988     2.70   0.007     .5794993     3.69752
       knot2 |  -1.085382    .701511    -1.55   0.123    -2.467144      .29638
       knot3 |  -3.012701   .6785825    -4.44   0.000    -4.349301   -1.676101
       _cons |   25.59732   3.604326     7.10   0.000      18.4979    32.69674
------------------------------------------------------------------------------

Nonlinear Nonparametric Statistics (NNS) Regression
Dependent variable:   y
Independent variable:  x
Method:               ols
Noise reduction:      mean
Partition:            xonly
Order:                2
Number of obs:        250
R-squared:            0.9460
Root MSE:             4.1087

------------------------------------------------------------------------------
           y | Coefficient  Std. err.      t    P>|t|     [95% conf. interval]
-------------+----------------------------------------------------------------
           x |   .9458713   .3896356     2.43   0.016     .1784084    1.713334
       knot1 |   7.201083   .6300691    11.43   0.000      5.96004    8.442127
       knot2 |  -5.002346   .5584347    -8.96   0.000    -6.102292   -3.902401
       knot3 |  -2.883121   .5401826    -5.34   0.000    -3.947116   -1.819127
       _cons |   35.65902   2.869208    12.43   0.000     30.00756    41.31049
------------------------------------------------------------------------------

Nonlinear Nonparametric Statistics (NNS) Regression
Dependent variable:   y
Independent variable:  x
Method:               connect
Noise reduction:      mean
Partition:            xonly
Order:                3
Number of obs:        250
R-squared:            0.9027
Root MSE:             5.4710

------------------------------------------------------------------------------
           y | Coefficient  Std. err.      t    P>|t|     [95% conf. interval]
-------------+----------------------------------------------------------------
           x |   1.149266    1.33368     0.86   0.390    -1.477675    3.776207
       knot1 |   3.592596    1.56874     2.29   0.023     .5026586    6.682534
       knot2 |  -1.111323   .5392313    -2.06   0.040    -2.173444   -.0492027
       knot3 |  -3.264719   .7235284    -4.51   0.000    -4.689849    -1.83959
       _cons |   34.62374   8.418803     4.11   0.000     18.04127     51.2062
------------------------------------------------------------------------------

Nonlinear Nonparametric Statistics (NNS) Regression
Dependent variable:   y
Independent variable:  x
Method:               ols
Noise reduction:      mean
Partition:            xonly
Order:                3
Number of obs:        250
R-squared:            0.9267
Root MSE:             4.7850

------------------------------------------------------------------------------
           y | Coefficient  Std. err.      t    P>|t|     [95% conf. interval]
-------------+----------------------------------------------------------------
           x |   -3.36378   1.166449    -2.88   0.004    -5.661329   -1.066232
       knot1 |   9.802116   1.372035     7.14   0.000     7.099626    12.50461
       knot2 |   -2.31201    .471617    -4.90   0.000    -3.240951   -1.383069
       knot3 |  -5.400676    .632805    -8.53   0.000    -6.647108   -4.154244
       _cons |   60.00771   7.363167     8.15   0.000     45.50453     74.5109
------------------------------------------------------------------------------

Nonlinear Nonparametric Statistics (NNS) Regression
Dependent variable:   y
Independent variable:  x
Method:               connect
Noise reduction:      mean
Partition:            xonly
Order:                4
Number of obs:        250
R-squared:            0.9436
Root MSE:             4.1635

------------------------------------------------------------------------------
           y | Coefficient  Std. err.      t    P>|t|     [95% conf. interval]
-------------+----------------------------------------------------------------
           x |   .7737166   2.813732     0.27   0.784    -4.768931    6.316364
       knot1 |   .3937317   3.388563     0.12   0.908     -6.28125    7.068713
       knot2 |   3.596446   1.477124     2.43   0.016     .6867235    6.506168
       knot3 |    2.69759   1.792592     1.50   0.134    -.8335583    6.228738
       knot4 |  -.1757372   2.227989    -0.08   0.937    -4.564555    4.213081
       knot5 |   -4.03302   1.443589    -2.79   0.006    -6.876684   -1.189357
       knot6 |  -2.388714   .8107619    -2.95   0.004    -3.985798   -.7916291
       knot7 |  -1.330188   1.895738    -0.70   0.484     -5.06452    2.404144
       _cons |    36.8394   16.02029     2.30   0.022     5.281737    68.39706
------------------------------------------------------------------------------

Nonlinear Nonparametric Statistics (NNS) Regression
Dependent variable:   y
Independent variable:  x
Method:               ols
Noise reduction:      mean
Partition:            xonly
Order:                4
Number of obs:        250
R-squared:            0.9468
Root MSE:             4.1112

------------------------------------------------------------------------------
           y | Coefficient  Std. err.      t    P>|t|     [95% conf. interval]
-------------+----------------------------------------------------------------
           x |   .7709843    2.77843     0.28   0.782    -4.702123    6.244092
       knot1 |  -.0356596   3.346049    -0.01   0.992    -6.626895    6.555575
       knot2 |   3.735484   1.458592     2.56   0.011     .8622681    6.608701
       knot3 |    5.53265   1.770101     3.13   0.002     2.045805    9.019495
       knot4 |  -2.887755   2.200036    -1.31   0.191    -7.221509       1.446
       knot5 |  -4.080082   1.425478    -2.86   0.005    -6.888068   -1.272096
       knot6 |  -2.280667   .8005898    -2.85   0.005    -3.857714   -.7036199
       knot7 |  -1.432776   1.871954    -0.77   0.445    -5.120256    2.254704
       _cons |   36.66032   15.81929     2.32   0.021     5.498591    67.82205
------------------------------------------------------------------------------

Nonlinear Nonparametric Statistics (NNS) Regression
Dependent variable:   y
Independent variable:  x
Method:               connect
Noise reduction:      mean
Partition:            xonly
Order:                5
Number of obs:        250
R-squared:            0.9480
Root MSE:             4.0004

------------------------------------------------------------------------------
           y | Coefficient  Std. err.      t    P>|t|     [95% conf. interval]
-------------+----------------------------------------------------------------
           x |  -.6386857   6.016139    -0.11   0.916    -12.49062    11.21325
       knot1 |   2.380987   7.268443     0.33   0.744    -11.93802        16.7
       knot2 |  -.1653409    2.96735    -0.06   0.956    -6.011091     5.68041
       knot3 |   1.564184   2.197367     0.71   0.477    -2.764681     5.89305
       knot4 |   5.818961   2.335562     2.49   0.013     1.217849    10.42007
       knot5 |  -1.636927    2.48466    -0.66   0.511    -6.531768    3.257913
       knot6 |  -1.212338   2.627135    -0.46   0.645    -6.387856    3.963181
       knot7 |  -2.995081   2.165276    -1.38   0.168    -7.260728    1.270565
       knot8 |  -1.712404   2.033196    -0.84   0.401    -5.717848     2.29304
       knot9 |  -.2389828    2.01096    -0.12   0.906    -4.200622    3.722656
      knot10 |  -1.179847   1.893643    -0.62   0.534    -4.910369    2.550675
      knot11 |  -1.678575   5.280835    -0.32   0.751    -12.08195    8.724797
       _cons |   43.85497   32.47564     1.35   0.178    -20.12281    107.8328
------------------------------------------------------------------------------

Nonlinear Nonparametric Statistics (NNS) Regression
Dependent variable:   y
Independent variable:  x
Method:               ols
Noise reduction:      mean
Partition:            xonly
Order:                5
Number of obs:        250
R-squared:            0.9486
Root MSE:             4.0756

------------------------------------------------------------------------------
           y | Coefficient  Std. err.      t    P>|t|     [95% conf. interval]
-------------+----------------------------------------------------------------
           x |  -5.283929   6.129243    -0.86   0.390    -17.35869    6.790828
       knot1 |   7.658848   7.405091     1.03   0.302     -6.92936    22.24706
       knot2 |  -1.106284   3.023137    -0.37   0.715    -7.061935    4.849368
       knot3 |   1.464058   2.238678     0.65   0.514    -2.946191    5.874307
       knot4 |   7.223535   2.379471     3.04   0.003     2.535921    11.91115
       knot5 |  -2.595192   2.531372    -1.03   0.306    -7.582056    2.391672
       knot6 |  -1.005547   2.676525    -0.38   0.707    -6.278367    4.267272
       knot7 |  -3.248619   2.205984    -1.47   0.142     -7.59446    1.097222
       knot8 |  -1.924803    2.07142    -0.93   0.354     -6.00555    2.155944
       knot9 |  -.2986199   2.048766    -0.15   0.884    -4.334738    3.737499
      knot10 |  -.5715099   1.929244    -0.30   0.767    -4.372166    3.229147
      knot11 |  -2.571719   5.380116    -0.48   0.633    -13.17068    8.027238
       _cons |   68.94534   33.08618     2.08   0.038     3.764765    134.1259
------------------------------------------------------------------------------

. 
. // Threshold with moderate noise
. clear

. set obs 300
Number of observations (_N) was 0, now 300.

. gen x = 80 * runiform()

. gen true = cond(x <= 35, 8, 8 + 0.4 * (x - 35) + 0.01 * (x - 35)^2)

. gen y = true + rnormal(0, 2.5)

. _run_models, scenario("threshold_noise") xvar(x) yvar(y) truevar(true)

      Source |       SS           df       MS      Number of obs   =       300
-------------+----------------------------------   F(1, 298)       =    970.31
       Model |  33051.6761         1  33051.6761   Prob > F        =    0.0000
    Residual |  10150.7499       298  34.0629191   R-squared       =    0.7650
-------------+----------------------------------   Adj R-squared   =    0.7643
       Total |   43202.426       299  144.489719   Root MSE        =    5.8363

------------------------------------------------------------------------------
           y | Coefficient  Std. err.      t    P>|t|     [95% conf. interval]
-------------+----------------------------------------------------------------
           x |   .4565214   .0146557    31.15   0.000     .4276797    .4853631
       _cons |  -1.590884     .68754    -2.31   0.021    -2.943933   -.2378354
------------------------------------------------------------------------------

Nonlinear Nonparametric Statistics (NNS) Regression
Dependent variable:   y
Independent variable:  x
Method:               connect
Noise reduction:      mean
Partition:            xy
Order:                2
Number of obs:        300
R-squared:            0.9568
Root MSE:             2.4994

------------------------------------------------------------------------------
           y | Coefficient  Std. err.      t    P>|t|     [95% conf. interval]
-------------+----------------------------------------------------------------
           x |   .0101819   .0341098     0.30   0.766    -.0569475    .0773113
       knot1 |   .1996911   .0519164     3.85   0.000     .0975176    .3018645
       knot2 |   .6684652   .0501562    13.33   0.000      .569756    .7671744
       knot3 |   .1300522   .0776595     1.67   0.095    -.0227846    .2828891
       _cons |   7.807898   .5141639    15.19   0.000     6.796004    8.819793
------------------------------------------------------------------------------

Nonlinear Nonparametric Statistics (NNS) Regression
Dependent variable:   y
Independent variable:  x
Method:               ols
Noise reduction:      mean
Partition:            xy
Order:                2
Number of obs:        300
R-squared:            0.9586
Root MSE:             2.4623

------------------------------------------------------------------------------
           y | Coefficient  Std. err.      t    P>|t|     [95% conf. interval]
-------------+----------------------------------------------------------------
           x |  -.0497405   .0336033    -1.48   0.140     -.115873     .016392
       knot1 |   .2459151   .0511454     4.81   0.000     .1452589    .3465712
       knot2 |   .6910178   .0494113    13.99   0.000     .5937745    .7882612
       knot3 |   .2227434   .0765062     2.91   0.004     .0721762    .3733106
       _cons |   8.060156   .5065285    15.91   0.000     7.063289    9.057023
------------------------------------------------------------------------------

Nonlinear Nonparametric Statistics (NNS) Regression
Dependent variable:   y
Independent variable:  x
Method:               connect
Noise reduction:      mean
Partition:            xy
Order:                3
Number of obs:        300
R-squared:            0.9545
Root MSE:             2.5637

------------------------------------------------------------------------------
           y | Coefficient  Std. err.      t    P>|t|     [95% conf. interval]
-------------+----------------------------------------------------------------
           x |  -.1564298   .1717874    -0.91   0.363    -.4945429    .1816832
       knot1 |   2.580828   1.012052     2.55   0.011        .5889    4.572756
       knot2 |  -2.590203   .9007496    -2.88   0.004    -4.363064    -.817342
       knot3 |   .8365402   .1427935     5.86   0.000      .555493    1.117587
       knot4 |  -4.275907   1.329691    -3.22   0.001    -6.893013   -1.658801
       knot5 |   2.099568     2.2913     0.92   0.360    -2.410184     6.60932
       knot6 |   2.847763   1.328952     2.14   0.033     .2321117    5.463415
       knot7 |  -.6980005   .2507169    -2.78   0.006    -1.191463   -.2045379
       knot8 |   .5157642     .11773     4.38   0.000     .2840473    .7474811
       knot9 |  -.1734779   .1569984    -1.10   0.270     -.482483    .1355273
       _cons |   7.720032   .8487783     9.10   0.000     6.049461    9.390603
------------------------------------------------------------------------------

Nonlinear Nonparametric Statistics (NNS) Regression
Dependent variable:   y
Independent variable:  x
Method:               ols
Noise reduction:      mean
Partition:            xy
Order:                3
Number of obs:        300
R-squared:            0.9634
Root MSE:             2.3388

------------------------------------------------------------------------------
           y | Coefficient  Std. err.      t    P>|t|     [95% conf. interval]
-------------+----------------------------------------------------------------
           x |  -.0849097   .1567152    -0.54   0.588    -.3933575    .2235381
       knot1 |   .7031783   .9232573     0.76   0.447    -1.113983    2.520339
       knot2 |  -.6432764     .82172    -0.78   0.434    -2.260591    .9740382
       knot3 |   .2047749   .1302652     1.57   0.117    -.0516138    .4611636
       knot4 |  -1.393963   1.213027    -1.15   0.251     -3.78145    .9935246
       knot5 |   3.926225   2.090267     1.88   0.061    -.1878527    8.040302
       knot6 |  -2.132121   1.212353    -1.76   0.080    -4.518282    .2540394
       knot7 |   .0981637   .2287196     0.43   0.668    -.3520037    .5483311
       knot8 |   .4099236   .1074006     3.82   0.000      .198537    .6213102
       knot9 |  -.0386581   .1432237    -0.27   0.787     -.320552    .2432357
       _cons |   8.073368   .7743086    10.43   0.000     6.549369    9.597367
------------------------------------------------------------------------------

Nonlinear Nonparametric Statistics (NNS) Regression
Dependent variable:   y
Independent variable:  x
Method:               connect
Noise reduction:      mean
Partition:            xy
Order:                4
Number of obs:        300
R-squared:            0.9365
Root MSE:             3.0290

------------------------------------------------------------------------------
           y | Coefficient  Std. err.      t    P>|t|     [95% conf. interval]
-------------+----------------------------------------------------------------
           x |  -.4909279   .7101352    -0.69   0.490    -1.889105    .9072493
       knot1 |   37.53896   32.44699     1.16   0.248    -26.34555    101.4235
       knot2 |  -44.25918   41.21343    -1.07   0.284    -125.4038    36.88549
       knot3 |     6.9298    9.61399     0.72   0.472    -11.99907    25.85868
       knot4 |   4.523175   3.471879     1.30   0.194    -2.312568    11.35892
       knot5 |  -3.125446   4.968416    -0.63   0.530     -12.9077    6.656812
       knot6 |  -2.429548   2.594691    -0.94   0.350    -7.538205    2.679109
       knot7 |   1.363978   1.134317     1.20   0.230    -.8693658    3.597322
       knot8 |  -.9949718   1.173741    -0.85   0.397    -3.305936    1.315993
       knot9 |   2.009721   1.511467     1.33   0.185    -.9661902    4.985632
      knot10 |  -2.393346    1.57774    -1.52   0.130     -5.49974    .7130475
      knot11 |  -.6942896   2.523149    -0.28   0.783    -5.662089     4.27351
      knot12 |   16.67239   5.139188     3.24   0.001     6.553905    26.79088
      knot13 |  -15.37939   3.955761    -3.89   0.000    -23.16785   -7.590942
      knot14 |  -22.02482   11.50524    -1.91   0.057    -44.67737    .6277205
      knot15 |   25.75468    12.4042     2.08   0.039     1.332184    50.17717
      knot16 |  -4.725875   5.461057    -0.87   0.388    -15.47809    6.026337
      knot17 |   8.587491   8.554048     1.00   0.316    -8.254476    25.42946
      knot18 |  -10.77186   13.94391    -0.77   0.440    -38.22587    16.68215
      knot19 |  -2.218578   10.41027    -0.21   0.831    -22.71524    18.27809
      knot20 |   8.281072   2.670392     3.10   0.002     3.023368    13.53878
      knot21 |   -.591301     1.6207    -0.36   0.716    -3.782278    2.599676
      knot22 |  -.0763313   1.916895    -0.04   0.968    -3.850484    3.697822
      knot23 |  -1.131247     1.1773    -0.96   0.337     -3.44922    1.186726
      knot24 |   7.169597   6.118652     1.17   0.242    -4.877347    19.21654
      knot25 |   -8.74448   7.099744    -1.23   0.219    -22.72309    5.234124
      knot26 |   7.425497   6.347763     1.17   0.243    -5.072541    19.92354
      knot27 |  -4.898647   5.167459    -0.95   0.344     -15.0728    5.275504
      knot28 |   .1626898   .6377712     0.26   0.799    -1.093011     1.41839
      knot29 |  -8.691176   3.903648    -2.23   0.027    -16.37702   -1.005327
      knot30 |   8.633293   3.962925     2.18   0.030     .8307341    16.43585
      knot31 |  -.5252794   .9223412    -0.57   0.569    -2.341267    1.290708
       _cons |   7.246704   1.601032     4.53   0.000     4.094451    10.39896
------------------------------------------------------------------------------

Nonlinear Nonparametric Statistics (NNS) Regression
Dependent variable:   y
Independent variable:  x
Method:               ols
Noise reduction:      mean
Partition:            xy
Order:                4
Number of obs:        300
R-squared:            0.9665
Root MSE:             2.3269

------------------------------------------------------------------------------
           y | Coefficient  Std. err.      t    P>|t|     [95% conf. interval]
-------------+----------------------------------------------------------------
           x |    .460897   .5455271     0.84   0.399     -.613185    1.534979
       knot1 |   -16.7843   24.92583    -0.67   0.501    -65.86048    32.29189
       knot2 |   19.73258   31.66023     0.62   0.534    -42.60288    82.06804
       knot3 |  -3.529942   7.385483    -0.48   0.633    -18.07113    11.01125
       knot4 |   4.433232   2.667103     1.66   0.098    -.8179973     9.68446
       knot5 |  -5.852217   3.816745    -1.53   0.126    -13.36696    1.662529
       knot6 |    1.78447   1.993246     0.90   0.371    -2.140008    5.708949
       knot7 |  -.2612627   .8713843    -0.30   0.765    -1.976921    1.454396
       knot8 |   .3519898   .9016694     0.39   0.697    -1.423297    2.127277
       knot9 |  -1.019813   1.161112    -0.88   0.381    -3.305912    1.266287
      knot10 |   2.122907   1.212022     1.75   0.081    -.2634299    4.509244
      knot11 |  -1.905519   1.938287    -0.98   0.326     -5.72179    1.910753
      knot12 |  -.4034317   3.947932    -0.10   0.919    -8.176471    7.369608
      knot13 |   1.347388   3.038822     0.44   0.658    -4.635715     7.33049
      knot14 |  -17.61765   8.838348    -1.99   0.047    -35.01937   -.2159294
      knot15 |   21.61765   9.528929     2.27   0.024     2.856248    40.37905
      knot16 |   -7.57902   4.195193    -1.81   0.072    -15.83889    .6808467
      knot17 |   -.319659   6.571233    -0.05   0.961    -13.25769    12.61837
      knot18 |   12.41226   10.71174     1.16   0.248    -8.677954    33.50248
      knot19 |  -10.39828   7.997188    -1.30   0.195    -26.14385     5.34729
      knot20 |   2.957914   2.051399     1.44   0.151    -1.081063    6.996891
      knot21 |  -1.767145   1.245024    -1.42   0.157    -4.218459    .6841687
      knot22 |  -.1794823   1.472562    -0.12   0.903    -3.078793    2.719828
      knot23 |   1.608131   .9044039     1.78   0.077    -.1725395    3.388802
      knot24 |  -2.915253   4.700358    -0.62   0.536    -12.16973     6.33923
      knot25 |   2.597054   5.454035     0.48   0.634    -8.141333    13.33544
      knot26 |   .6841206   4.876362     0.14   0.889    -8.916893    10.28513
      knot27 |  -.6023584    3.96965    -0.15   0.880    -8.418158    7.213441
      knot28 |   .0993527   .4899369     0.20   0.839    -.8652784    1.063984
      knot29 |   .9250738   2.998789     0.31   0.758    -4.979208    6.829355
      knot30 |  -.8482519   3.044326    -0.28   0.781     -6.84219    5.145686
      knot31 |  -.5771664    .708544    -0.81   0.416    -1.972211    .8178779
       _cons |   7.021114   1.229915     5.71   0.000     4.599548     9.44268
------------------------------------------------------------------------------

Nonlinear Nonparametric Statistics (NNS) Regression
Dependent variable:   y
Independent variable:  x
Method:               connect
Noise reduction:      mean
Partition:            xy
Order:                5
Number of obs:        300
R-squared:            0.9486
Root MSE:             2.7256

------------------------------------------------------------------------------
           y | Coefficient  Std. err.      t    P>|t|     [95% conf. interval]
-------------+----------------------------------------------------------------
           x |   .1227776   1.538071     0.08   0.936    -2.907392    3.152947
       knot1 |  -2.011475   5.468247    -0.37   0.713    -12.78452    8.761574
       knot2 |   .6945728   8.421647     0.08   0.934      -15.897    17.28614
       knot3 |   38.24216   26.42747     1.45   0.149    -13.82286    90.30717
       knot4 |  -39.61591   25.57773    -1.55   0.123    -90.00686    10.77505
       knot5 |   4.031425   4.226208     0.95   0.341     -4.29467    12.35752
       knot6 |  -2.472644   2.649272    -0.93   0.352    -7.692002    2.746713
       knot7 |   10.29321   10.71436     0.96   0.338    -10.81525    31.40168
       knot8 |  -4.566705   14.10718    -0.32   0.746     -32.3594    23.22599
       knot9 |  -23.59466   35.55273    -0.66   0.508    -93.63745    46.44814
      knot10 |   18.27768   33.83055     0.54   0.590    -48.37223     84.9276
      knot11 |  -1.579448   4.049576    -0.39   0.697    -9.557558    6.398662
      knot12 |   4.946199   4.035009     1.23   0.221    -3.003213    12.89561
      knot13 |  -9.142024   5.314815    -1.72   0.087    -19.61279    1.328746
      knot14 |   9.778666   8.522318     1.15   0.252    -7.011239    26.56857
      knot15 |  -23.04008   18.48218    -1.25   0.214    -59.45202    13.37185
      knot16 |   20.40003   13.29283     1.53   0.126    -5.788314    46.58837
      knot17 |   13.47644   31.40967     0.43   0.668    -48.40408    75.35695
      knot18 |   -12.8045   33.07094    -0.39   0.699    -77.95789    52.34889
      knot19 |   -.287842   5.592078    -0.05   0.959    -11.30485    10.72917
      knot20 |  -10.57897   19.66929    -0.54   0.591    -49.32964     28.1717
      knot21 |    5.53859   24.25573     0.23   0.820    -42.24786    53.32504
      knot22 |   6.283942   12.37755     0.51   0.612    -18.10119    30.66907
      knot23 |  -2.290475   6.298752    -0.36   0.716    -14.69971    10.11876
      knot24 |  -4.446044   15.01765    -0.30   0.767    -34.03246    25.14038
      knot25 |   4.830664   14.93109     0.32   0.747    -24.58523    34.24656
      knot26 |  -11.33453   10.52448    -1.08   0.283    -32.06891    9.399851
      knot27 |   22.41938   22.39478     1.00   0.318    -21.70081    66.53957
      knot28 |   6.515031   38.85701     0.17   0.867    -70.03755    83.06761
      knot29 |  -27.68846   31.52567    -0.88   0.381     -89.7975    34.42058
      knot30 |    12.7419   8.196743     1.55   0.121    -3.406589    28.89038
      knot31 |  -3.564491   2.057701    -1.73   0.085    -7.618388     .489407
      knot32 |   10.99348   73.78782     0.15   0.882    -134.3766    156.3636
      knot33 |  -66.64359   150.5614    -0.44   0.658    -363.2662     229.979
      knot34 |   59.07647   79.23446     0.75   0.457    -97.02414    215.1771
      knot35 |   25.03923    23.8749     1.05   0.295    -21.99695    72.07541
      knot36 |  -35.54002   26.00192    -1.37   0.173    -86.76666    15.68662
      knot37 |    14.3624   11.58053     1.24   0.216    -8.452512    37.17732
      knot38 |  -83.51436   144.6165    -0.58   0.564    -368.4247     201.396
      knot39 |   77.02293   139.3679     0.55   0.581    -197.5472     351.593
      knot40 |  -304.5312   226.2557    -1.35   0.180    -750.2799    141.2175
      knot41 |   315.6181   223.9296     1.41   0.160    -125.5479    756.7841
      knot42 |  -10.78822   4.259728    -2.53   0.012    -19.18035   -2.396084
      knot43 |  -4.681378   10.31488    -0.45   0.650    -25.00282    15.64007
      knot44 |   22.44782   14.99159     1.50   0.136    -7.087256    51.98291
      knot45 |   3.743442          .        .       .            .           .
      knot46 |  -16.06346          .        .       .            .           .
      knot47 |  -8.920699    6.16534    -1.45   0.149     -21.0671    3.225698
      knot48 |   3.929875   2.269016     1.73   0.085    -.5403368    8.400086
      knot49 |   2.110059   7.130995     0.30   0.768    -11.93879     16.1589
      knot50 |  -1.984518   7.459787    -0.27   0.790    -16.68112    12.71208
      knot51 |  -.9570512   2.599267    -0.37   0.713    -6.077892     4.16379
      knot52 |   7.230025    6.37719     1.13   0.258     -5.33374    19.79379
      knot53 |   -8.74448   6.767842    -1.29   0.198    -22.07787    4.588913
      knot54 |   7.425497   6.707558     1.11   0.269    -5.789131    20.64013
      knot55 |  -1.316548   8.340614    -0.16   0.875    -17.74847    15.11538
      knot56 |  -1.439521   4.852615    -0.30   0.767    -10.99971    8.120664
      knot57 |  -4.360424   1.985869    -2.20   0.029    -8.272805    -.448043
      knot58 |   3.603816   1.554004     2.32   0.021     .5422563    6.665375
      knot59 |  -.5264886   1.880517    -0.28   0.780    -4.231314    3.178337
      knot60 |  -9.387967   5.647958    -1.66   0.098    -20.51507    1.739132
      knot61 |   9.063517   5.751295     1.58   0.116    -2.267168     20.3942
      knot62 |   .6668004   1.724967     0.39   0.699    -2.731575    4.065176
      knot63 |  -3.891045   1.932907    -2.01   0.045    -7.699086   -.0830049
      knot64 |   5.489076   4.364725     1.26   0.210    -3.109912    14.08806
      knot65 |  -3.713927   6.458864    -0.58   0.566     -16.4386    9.010746
       _cons |   7.995719   2.022472     3.95   0.000     4.011227    11.98021
------------------------------------------------------------------------------

Nonlinear Nonparametric Statistics (NNS) Regression
Dependent variable:   y
Independent variable:  x
Method:               ols
Noise reduction:      mean
Partition:            xy
Order:                5
Number of obs:        300
R-squared:            0.9709
Root MSE:             2.3112

------------------------------------------------------------------------------
           y | Coefficient  Std. err.      t    P>|t|     [95% conf. interval]
-------------+----------------------------------------------------------------
           x |   .1274199   1.304232     0.10   0.922    -2.442062    2.696901
       knot1 |   .7181132    4.63689     0.15   0.877     -8.41707    9.853296
       knot2 |  -.3766562   7.141273    -0.05   0.958    -14.44575    13.69244
       knot3 |  -8.067991    22.4096    -0.36   0.719    -52.21737    36.08139
       knot4 |   7.383875   21.68906     0.34   0.734    -35.34596    50.11371
       knot5 |   .9397754   3.583682     0.26   0.793    -6.120473    8.000023
       knot6 |  -.8512151   2.246493    -0.38   0.705    -5.277055    3.574624
       knot7 |  -8.094516   9.085416    -0.89   0.374    -25.99379    9.804753
       knot8 |   12.03144   11.96241     1.01   0.316    -11.53583    35.59871
       knot9 |  -55.12278   30.14752    -1.83   0.069    -114.5167    4.271154
      knot10 |   55.18697   28.68717     1.92   0.056    -1.329914    111.7039
      knot11 |  -5.836357   3.433904    -1.70   0.091    -12.60153    .9288117
      knot12 |   1.969432   3.421552     0.58   0.565    -4.771402    8.710266
      knot13 |   3.185471   4.506784     0.71   0.480    -5.693389    12.06433
      knot14 |  -5.171292   7.226639    -0.72   0.475    -19.40857    9.065983
      knot15 |  -2.184458   15.67227    -0.14   0.889    -33.06055    28.69164
      knot16 |   4.612883   11.27187     0.41   0.683    -17.59395    26.81971
      knot17 |   5.232163   26.63435     0.20   0.844    -47.24043    57.70476
      knot18 |  -7.280178   28.04304    -0.26   0.795    -62.52806     47.9677
      knot19 |   .4412098   4.741894     0.09   0.926    -8.900843    9.783263
      knot20 |   12.79357    16.6789     0.77   0.444    -20.06569    45.65284
      knot21 |  -13.10158   20.56804    -0.64   0.525    -53.62288    27.41972
      knot22 |   .0706149   10.49574     0.01   0.995    -20.60716    20.74838
      knot23 |   .4246594    5.34113     0.08   0.937    -10.09795    10.94727
      knot24 |   20.32628   12.73446     1.60   0.112    -4.762009    45.41457
      knot25 |  -19.55783   12.66106    -1.54   0.124    -44.50152    5.385858
      knot26 |   2.748856   8.924402     0.31   0.758     -14.8332    20.33091
      knot27 |  -10.01145   18.99002    -0.53   0.599    -47.42388    27.40099
      knot28 |   11.07668   32.94943     0.34   0.737    -53.83733    75.99069
      knot29 |  -2.601193   26.73271    -0.10   0.923    -55.26757    50.06518
      knot30 |  -.5884027   6.950562    -0.08   0.933    -14.28178    13.10497
      knot31 |   -.059789   1.744861    -0.03   0.973    -3.497358     3.37778
      knot32 |   71.82438   62.56959     1.15   0.252     -51.4446    195.0933
      knot33 |    -179.95    127.671    -1.41   0.160     -431.476    71.57593
      knot34 |   111.2236   67.18816     1.66   0.099     -21.1445    243.5916
      knot35 |   22.48003   20.24511     1.11   0.268    -17.40507    62.36512
      knot36 |  -33.63628   22.04875    -1.53   0.128    -77.07475    9.802187
      knot37 |    2.98693   9.819899     0.30   0.761    -16.35935    22.33321
      knot38 |   111.6387   122.6299     0.91   0.364    -129.9557    353.2331
      knot39 |  -103.6723   118.1793    -0.88   0.381    -336.4985    129.1539
      knot40 |  -317.4104   191.8573    -1.65   0.099    -695.3904    60.56947
      knot41 |   321.4391   189.8848     1.69   0.092    -52.65482     695.533
      knot42 |  -6.357621   3.612106    -1.76   0.080    -13.47387    .7586262
      knot43 |  -4.008368   8.746669    -0.46   0.647    -21.24027    13.22353
      knot44 |   6.685563   12.71236     0.53   0.599    -18.35919    31.73032
      knot45 |          0  (omitted)
      knot46 |          0  (omitted)
      knot47 |  -4.291042      5.228    -0.82   0.413    -14.59078    6.008695
      knot48 |   1.808517   1.924049     0.94   0.348    -1.982072    5.599106
      knot49 |  -2.972841   6.046843    -0.49   0.623    -14.88579    8.940106
      knot50 |   2.540071   6.325648     0.40   0.688    -9.922153    15.00229
      knot51 |   1.511082   2.204091     0.69   0.494    -2.831219    5.853383
      knot52 |  -6.332554   5.407642    -1.17   0.243     -16.9862    4.321096
      knot53 |   5.124533   5.738902     0.89   0.373    -6.181735     16.4308
      knot54 |  -.9471822   5.687784    -0.17   0.868    -12.15274    10.25838
      knot55 |  -.1657948    7.07256    -0.02   0.981    -14.09952    13.76793
      knot56 |    3.67195   4.114854     0.89   0.373    -4.434765    11.77867
      knot57 |  -3.223069    1.68395    -1.91   0.057    -6.540636    .0944984
      knot58 |   .2691642   1.317743     0.20   0.838    -2.326935    2.865263
      knot59 |   1.763769   1.594615     1.11   0.270    -1.377798    4.905337
      knot60 |  -7.725221   4.789278    -1.61   0.108    -17.16063    1.710184
      knot61 |   7.899362   4.876905     1.62   0.107    -1.708677     17.5074
      knot62 |  -2.371273   1.462714    -1.62   0.106    -5.252981    .5104345
      knot63 |   1.060578    1.63904     0.65   0.518    -2.168512    4.289668
      knot64 |  -3.432998    3.70114    -0.93   0.355    -10.72465    3.858655
      knot65 |   5.974249   5.476899     1.09   0.276    -4.815845    16.76434
       _cons |   7.365827   1.714988     4.29   0.000     3.987112    10.74454
------------------------------------------------------------------------------

Nonlinear Nonparametric Statistics (NNS) Regression
Dependent variable:   y
Independent variable:  x
Method:               connect
Noise reduction:      mean
Partition:            xonly
Order:                2
Number of obs:        300
R-squared:            0.9543
Root MSE:             2.5687

------------------------------------------------------------------------------
           y | Coefficient  Std. err.      t    P>|t|     [95% conf. interval]
-------------+----------------------------------------------------------------
           x |   .0101819    .036171     0.28   0.779     -.061004    .0813679
       knot1 |   .2250531   .0607688     3.70   0.000     .1054578    .3446484
       knot2 |   .4417902    .056099     7.88   0.000     .3313853    .5521951
       knot3 |   .2974391   .0606118     4.91   0.000     .1781529    .4167254
       _cons |   7.807898   .5312983    14.70   0.000     6.762283    8.853514
------------------------------------------------------------------------------

Nonlinear Nonparametric Statistics (NNS) Regression
Dependent variable:   y
Independent variable:  x
Method:               ols
Noise reduction:      mean
Partition:            xonly
Order:                2
Number of obs:        300
R-squared:            0.9620
Root MSE:             2.3577

------------------------------------------------------------------------------
           y | Coefficient  Std. err.      t    P>|t|     [95% conf. interval]
-------------+----------------------------------------------------------------
           x |  -.0098735   .0331998    -0.30   0.766    -.0752121     .055465
       knot1 |   .1068495   .0557771     1.92   0.056    -.0029219    .2166209
       knot2 |   .6443277   .0514908    12.51   0.000     .5429918    .7456637
       knot3 |   .3374373   .0556329     6.07   0.000     .2279495     .446925
       _cons |   7.813659   .4876559    16.02   0.000     6.853934    8.773385
------------------------------------------------------------------------------

Nonlinear Nonparametric Statistics (NNS) Regression
Dependent variable:   y
Independent variable:  x
Method:               connect
Noise reduction:      mean
Partition:            xonly
Order:                3
Number of obs:        300
R-squared:            0.9524
Root MSE:             2.6221

------------------------------------------------------------------------------
           y | Coefficient  Std. err.      t    P>|t|     [95% conf. interval]
-------------+----------------------------------------------------------------
           x |  -.0132481   .0976527    -0.14   0.892    -.2054323    .1789361
       knot1 |   .1072811   .1157627     0.93   0.355    -.1205443    .3351064
       knot2 |   .5887134   .0413066    14.25   0.000     .5074205    .6700063
       knot3 |   .3589188   .0690786     5.20   0.000     .2229696    .4948681
       _cons |   7.952616   .7308993    10.88   0.000     6.514179    9.391054
------------------------------------------------------------------------------

Nonlinear Nonparametric Statistics (NNS) Regression
Dependent variable:   y
Independent variable:  x
Method:               ols
Noise reduction:      mean
Partition:            xonly
Order:                3
Number of obs:        300
R-squared:            0.9605
Root MSE:             2.4039

------------------------------------------------------------------------------
           y | Coefficient  Std. err.      t    P>|t|     [95% conf. interval]
-------------+----------------------------------------------------------------
           x |   .0417862   .0895261     0.47   0.641    -.1344045    .2179769
       knot1 |  -.0699818   .1061289    -0.66   0.510    -.2788476     .138884
       knot2 |   .7488379    .037869    19.77   0.000     .6743102    .8233656
       knot3 |   .5006517   .0633299     7.91   0.000     .3760162    .6252873
       _cons |   7.668517   .6700742    11.44   0.000     6.349786    8.987248
------------------------------------------------------------------------------

Nonlinear Nonparametric Statistics (NNS) Regression
Dependent variable:   y
Independent variable:  x
Method:               connect
Noise reduction:      mean
Partition:            xonly
Order:                4
Number of obs:        300
R-squared:            0.9622
Root MSE:             2.3372

------------------------------------------------------------------------------
           y | Coefficient  Std. err.      t    P>|t|     [95% conf. interval]
-------------+----------------------------------------------------------------
           x |   .0616977   .3057134     0.20   0.840    -.5399919    .6633873
       knot1 |  -.0399844   .3486301    -0.11   0.909    -.7261405    .6461717
       knot2 |  -.0261141   .1215113    -0.21   0.830    -.2652665    .2130383
       knot3 |   .1405366   .1618815     0.87   0.386    -.1780705    .4591437
       knot4 |   .3513137    .205231     1.71   0.088    -.0526116     .755239
       knot5 |   .1941511   .1423226     1.36   0.174    -.0859611    .4742633
       knot6 |   .3526656   .0832712     4.24   0.000     .1887755    .5165558
       knot7 |  -.0531681    .180833    -0.29   0.769    -.4090745    .3027384
       _cons |   7.425933   1.032247     7.19   0.000     5.394317     9.45755
------------------------------------------------------------------------------

Nonlinear Nonparametric Statistics (NNS) Regression
Dependent variable:   y
Independent variable:  x
Method:               ols
Noise reduction:      mean
Partition:            xonly
Order:                4
Number of obs:        300
R-squared:            0.9629
Root MSE:             2.3461

------------------------------------------------------------------------------
           y | Coefficient  Std. err.      t    P>|t|     [95% conf. interval]
-------------+----------------------------------------------------------------
           x |  -.0079641   .3068816    -0.03   0.979    -.6119529    .5960247
       knot1 |   .0413982   .3499623     0.12   0.906    -.6473799    .7301763
       knot2 |  -.0581897   .1219756    -0.48   0.634    -.2982559    .1818765
       knot3 |   .0767952   .1625001     0.47   0.637    -.2430293    .3966198
       knot4 |   .4631132   .2060152     2.25   0.025     .0576444     .868582
       knot5 |   .1688626   .1428665     1.18   0.238    -.1123199    .4500452
       knot6 |   .4045162   .0835894     4.84   0.000     .2399998    .5690326
       knot7 |  -.1180035    .181524    -0.65   0.516    -.4752699    .2392629
       _cons |   7.711248   1.036191     7.44   0.000     5.671868    9.750627
------------------------------------------------------------------------------

Nonlinear Nonparametric Statistics (NNS) Regression
Dependent variable:   y
Independent variable:  x
Method:               connect
Noise reduction:      mean
Partition:            xonly
Order:                5
Number of obs:        300
R-squared:            0.9632
Root MSE:             2.3054

------------------------------------------------------------------------------
           y | Coefficient  Std. err.      t    P>|t|     [95% conf. interval]
-------------+----------------------------------------------------------------
           x |   .1897434   .8490173     0.22   0.823    -1.481347    1.860834
       knot1 |  -.2431166   .9732925    -0.25   0.803    -2.158813     1.67258
       knot2 |   .1289471   .2846507     0.45   0.651    -.4313207    .6892149
       knot3 |  -.0677803     .20729    -0.33   0.744    -.4757818    .3402213
       knot4 |  -.0961852   .2227109    -0.43   0.666     -.534539    .3421686
       knot5 |   .4199515   .2002819     2.10   0.037     .0257438    .8141592
       knot6 |   .3333716   .1947978     1.71   0.088    -.0500418    .7167851
       knot7 |  -.0648106   .1988651    -0.33   0.745    -.4562296    .3266084
       knot8 |   .3425647   .2410579     1.42   0.156    -.1319008    .8170303
       knot9 |   .1055601   .2487582     0.42   0.672    -.3840618     .595182
      knot10 |   .0373399   .2160967     0.17   0.863    -.3879956    .4626753
      knot11 |  -.2019649   .6599862    -0.31   0.760    -1.500992    1.097062
       _cons |   7.373674   1.502147     4.91   0.000     4.417051     10.3303
------------------------------------------------------------------------------

Nonlinear Nonparametric Statistics (NNS) Regression
Dependent variable:   y
Independent variable:  x
Method:               ols
Noise reduction:      mean
Partition:            xonly
Order:                5
Number of obs:        300
R-squared:            0.9638
Root MSE:             2.3340

------------------------------------------------------------------------------
           y | Coefficient  Std. err.      t    P>|t|     [95% conf. interval]
-------------+----------------------------------------------------------------
           x |   .5888589   .8595456     0.69   0.494    -1.102954    2.280672
       knot1 |  -.7665491   .9853619    -0.78   0.437    -2.706001    1.172903
       knot2 |   .2757999   .2881806     0.96   0.339    -.2914156    .8430153
       knot3 |  -.1050896   .2098606    -0.50   0.617    -.5181506    .3079714
       knot4 |  -.0508698   .2254726    -0.23   0.822    -.4946594    .3929199
       knot5 |   .2808091   .2027655     1.38   0.167     -.118287    .6799052
       knot6 |   .5824955   .1972134     2.95   0.003     .1943275    .9706635
       knot7 |  -.3182818   .2013311    -1.58   0.115    -.7145546     .077991
       knot8 |    .626681   .2440471     2.57   0.011     .1463318     1.10703
       knot9 |   -.147413    .251843    -0.59   0.559    -.6431065    .3482805
      knot10 |   .2479255   .2187764     1.13   0.258    -.1826843    .6785353
      knot11 |  -.8792175   .6681704    -1.32   0.189    -2.194353    .4359182
       _cons |   6.970675   1.520775     4.58   0.000     3.977389    9.963962
------------------------------------------------------------------------------

. 
. // High signal sine on a deterministic grid
. clear

. set obs 300
Number of observations (_N) was 0, now 300.

. gen x = 4 * _pi * (_n - 1) / (_N - 1)

. gen true = sin(x)

. gen y = true + rnormal(0, .04)

. _run_models, scenario("sine_grid_low_noise") xvar(x) yvar(y) truevar(true)

      Source |       SS           df       MS      Number of obs   =       300
-------------+----------------------------------   F(1, 298)       =     53.94
       Model |  23.2925407         1  23.2925407   Prob > F        =    0.0000
    Residual |   128.69212       298  .431852753   R-squared       =    0.1533
-------------+----------------------------------   Adj R-squared   =    0.1504
       Total |  151.984661       299  .508309903   Root MSE        =    .65716

------------------------------------------------------------------------------
           y | Coefficient  Std. err.      t    P>|t|     [95% conf. interval]
-------------+----------------------------------------------------------------
           x |  -.0765563   .0104241    -7.34   0.000    -.0970706    -.056042
       _cons |    .477549   .0756924     6.31   0.000     .3285896    .6265084
------------------------------------------------------------------------------

Nonlinear Nonparametric Statistics (NNS) Regression
Dependent variable:   y
Independent variable:  x
Method:               connect
Noise reduction:      mean
Partition:            xy
Order:                2
Number of obs:        300
R-squared:            0.7663
Root MSE:             0.3446

------------------------------------------------------------------------------
           y | Coefficient  Std. err.      t    P>|t|     [95% conf. interval]
-------------+----------------------------------------------------------------
           x |   .3638576   .0860264     4.23   0.000     .1945496    .5331656
       knot1 |  -.7699912   .1080336    -7.13   0.000    -.9826114   -.5573711
       knot2 |   .8024789   .0890192     9.01   0.000     .6272809     .977677
       knot3 |   .0003596   .1199505     0.00   0.998    -.2357142    .2364335
       knot4 |  -.8105082   .0901397    -8.99   0.000    -.9879115   -.6331049
       knot5 |   .7597021   .1064181     7.14   0.000     .5502614    .9691429
       _cons |   .0743097    .100793     0.74   0.462    -.1240604    .2726797
------------------------------------------------------------------------------

Nonlinear Nonparametric Statistics (NNS) Regression
Dependent variable:   y
Independent variable:  x
Method:               ols
Noise reduction:      mean
Partition:            xy
Order:                2
Number of obs:        300
R-squared:            0.9845
Root MSE:             0.0897

------------------------------------------------------------------------------
           y | Coefficient  Std. err.      t    P>|t|     [95% conf. interval]
-------------+----------------------------------------------------------------
           x |   .7312748   .0223859    32.67   0.000     .6872171    .7753324
       knot1 |  -1.503709   .0281127   -53.49   0.000    -1.559038   -1.448381
       knot2 |   1.545084   .0231647    66.70   0.000     1.499494    1.590675
       knot3 |  -.0305902   .0312137    -0.98   0.328    -.0920217    .0308414
       knot4 |  -1.529829   .0234563   -65.22   0.000    -1.575994   -1.483665
       knot5 |    1.48373   .0276923    53.58   0.000     1.429229    1.538231
       _cons |   .0795863   .0262285     3.03   0.003     .0279661    .1312065
------------------------------------------------------------------------------

Nonlinear Nonparametric Statistics (NNS) Regression
Dependent variable:   y
Independent variable:  x
Method:               connect
Noise reduction:      mean
Partition:            xy
Order:                3
Number of obs:        300
R-squared:            0.8650
Root MSE:             0.2620

------------------------------------------------------------------------------
           y | Coefficient  Std. err.      t    P>|t|     [95% conf. interval]
-------------+----------------------------------------------------------------
           x |   .9973596   1.030639     0.97   0.334    -1.031271     3.02599
       knot1 |  -.3254852   1.105902    -0.29   0.769    -2.502256    1.851286
       knot2 |  -.7562568   .2149584    -3.52   0.001    -1.179364   -.3331493
       knot3 |  -.8254054   .1959926    -4.21   0.000    -1.211182   -.4396287
       knot4 |   .1673184   .2085591     0.80   0.423    -.2431931      .57783
       knot5 |   .6911512   .2263519     3.05   0.002     .2456177    1.136685
       knot6 |   .8106249   .2146517     3.78   0.000     .3881211    1.233129
       knot7 |   .0995992   .1970266     0.51   0.614    -.2882126    .4874111
       knot8 |  -.7592223   .2172989    -3.49   0.001    -1.186937   -.3315079
       knot9 |  -3.650494   .5144235    -7.10   0.000    -4.663046   -2.637943
      knot10 |   4.091904   .5317762     7.69   0.000     3.045197    5.138611
      knot11 |  -1.267549   .1965794    -6.45   0.000     -1.65448   -.8806171
      knot12 |   2.837096   .5469861     5.19   0.000     1.760451    3.913741
      knot13 |   -1.83638   .5751173    -3.19   0.002    -2.968396   -.7043637
       _cons |  -.0083406   .1797614    -0.05   0.963     -.362169    .3454878
------------------------------------------------------------------------------

Nonlinear Nonparametric Statistics (NNS) Regression
Dependent variable:   y
Independent variable:  x
Method:               ols
Noise reduction:      mean
Partition:            xy
Order:                3
Number of obs:        300
R-squared:            0.9936
Root MSE:             0.0585

------------------------------------------------------------------------------
           y | Coefficient  Std. err.      t    P>|t|     [95% conf. interval]
-------------+----------------------------------------------------------------
           x |   1.270586        .23     5.52   0.000      .817872      1.7233
       knot1 |  -.4601164   .2467957    -1.86   0.063      -.94589    .0256572
       knot2 |   -.960491   .0479706   -20.02   0.000    -1.054913   -.8660693
       knot3 |  -.8979974   .0437382   -20.53   0.000    -.9840883   -.8119065
       knot4 |   .2620125   .0465426     5.63   0.000     .1704017    .3536233
       knot5 |   .7221515   .0505133    14.30   0.000     .6227251    .8215779
       knot6 |   .8818993   .0479022    18.41   0.000     .7876123    .9761863
       knot7 |   .1697256   .0439689     3.86   0.000     .0831806    .2562707
       knot8 |  -.8476416    .048493   -17.48   0.000    -.9430914   -.7521918
       knot9 |  -.7351245      .1148    -6.40   0.000     -.961088   -.5091611
      knot10 |  -.3979407   .1186725    -3.35   0.001    -.6315265    -.164355
      knot11 |   .2870641   .0438691     6.54   0.000     .2007154    .3734127
      knot12 |   1.175903   .1220668     9.63   0.000     .9356367     1.41617
      knot13 |    .254841   .1283446     1.99   0.048     .0022174    .5074646
       _cons |  -.0313731    .040116    -0.78   0.435    -.1103344    .0475881
------------------------------------------------------------------------------

Nonlinear Nonparametric Statistics (NNS) Regression
Dependent variable:   y
Independent variable:  x
Method:               connect
Noise reduction:      mean
Partition:            xy
Order:                4
Number of obs:        300
R-squared:            0.9795
Root MSE:             0.1020

------------------------------------------------------------------------------
           y | Coefficient  Std. err.      t    P>|t|     [95% conf. interval]
-------------+----------------------------------------------------------------
           x |   .3908909   1.566742     0.25   0.803    -2.694228    3.476009
       knot1 |   1.184263   2.254218     0.53   0.600    -3.254585    5.623111
       knot2 |  -.9812875   1.566001    -0.63   0.531    -4.064948    2.102373
       knot3 |   .2169709   .9220232     0.24   0.814    -1.598613    2.032554
       knot4 |  -.0238308   .4144504    -0.06   0.954    -.8399375     .792276
       knot5 |  -.5629917   .3277615    -1.72   0.087    -1.208397    .0824133
       knot6 |   -.405094   .2100371    -1.93   0.055    -.8186843    .0084964
       knot7 |  -.4923071   .2528697    -1.95   0.053    -.9902404    .0056262
       knot8 |  -.3167691   .2926202    -1.08   0.280    -.8929762    .2594381
       knot9 |  -.1190909   .3638918    -0.33   0.744    -.8356412    .5974595
      knot10 |   .3442596   .4365355     0.79   0.431    -.5153356    1.203855
      knot11 |  -.0354586   .3701972    -0.10   0.924    -.7644249    .6935077
      knot12 |   .0085204    .593989     0.01   0.989    -1.161121    1.178162
      knot13 |    1.08959   1.254194     0.87   0.386     -1.38008     3.55926
      knot14 |  -.7544058   1.234274    -0.61   0.542    -3.184852    1.676041
      knot15 |    .319065   .6104608     0.52   0.602    -.8830116    1.521142
      knot16 |   .4959477   .4713395     1.05   0.294    -.4321811    1.424076
      knot17 |   .3557268   .6551445     0.54   0.588    -.9343378    1.645791
      knot18 |   .0529875    .496718     0.11   0.915    -.9251148     1.03109
      knot19 |   .1890184   .3293717     0.57   0.567    -.4595572     .837594
      knot20 |  -.0156797   .4390436    -0.04   0.972    -.8802136    .8488543
      knot21 |  -.0700266   .3809972    -0.18   0.854    -.8202596    .6802065
      knot22 |   .1589384    .572157     0.28   0.781    -.9677131     1.28559
      knot23 |  -.6973097   .7803123    -0.89   0.372    -2.233846    .8392267
      knot24 |  -.1319161   .4960759    -0.27   0.791    -1.108754    .8449218
      knot25 |  -.3450679   .2721153    -1.27   0.206    -.8808982    .1907625
      knot26 |  -5.711361   .5687745   -10.04   0.000    -6.831352    -4.59137
      knot27 |   12.99361   1.093897    11.88   0.000     10.83959    15.14764
      knot28 |  -7.943132   .8920482    -8.90   0.000    -9.699691   -6.186573
      knot29 |  -.1768556   .4858899    -0.36   0.716    -1.133636    .7799247
      knot30 |   .0635743   .4030816     0.16   0.875    -.7301459    .8572945
      knot31 |  -.0183511   .3782189    -0.05   0.961    -.7631133     .726411
      knot32 |   .2322577   .4606136     0.50   0.615    -.6747503    1.139266
      knot33 |   .2469649   .3770682     0.65   0.513    -.4955314    .9894611
      knot34 |   .4820515    .286357     1.68   0.093    -.0818227    1.045926
      knot35 |    .425724   .2816421     1.51   0.132     -.128866    .9803139
      knot36 |   .2775079   .3680347     0.75   0.452    -.4472003    1.002216
      knot37 |   .1482232    .399343     0.37   0.711     -.638135    .9345814
      knot38 |   .1488388   .5701326     0.26   0.794    -.9738265    1.271504
       _cons |   .0260246   .0925752     0.28   0.779     -.156268    .2083172
------------------------------------------------------------------------------

Nonlinear Nonparametric Statistics (NNS) Regression
Dependent variable:   y
Independent variable:  x
Method:               ols
Noise reduction:      mean
Partition:            xy
Order:                4
Number of obs:        300
R-squared:            0.9970
Root MSE:             0.0416

------------------------------------------------------------------------------
           y | Coefficient  Std. err.      t    P>|t|     [95% conf. interval]
-------------+----------------------------------------------------------------
           x |   .1323183   .6386174     0.21   0.836    -1.125202    1.389839
       knot1 |   1.410187   .9188386     1.53   0.126    -.3991259    3.219499
       knot2 |  -.4605882   .6383156    -0.72   0.471    -1.717515    .7963382
       knot3 |   -.323713   .3758246    -0.86   0.390     -1.06376    .4163344
       knot4 |   .0333432   .1689335     0.20   0.844     -.299309    .3659953
       knot5 |  -.4953696   .1335984    -3.71   0.000    -.7584422    -.232297
       knot6 |  -.5312873   .0856129    -6.21   0.000    -.6998702   -.3627043
       knot7 |  -.4458514   .1030719    -4.33   0.000    -.6488133   -.2428895
       knot8 |  -.3301749   .1192745    -2.77   0.006    -.5650419   -.0953079
       knot9 |   .0088534   .1483254     0.06   0.952    -.2832187    .3009255
      knot10 |    .103967   .1779356     0.58   0.560    -.2464114    .4543453
      knot11 |   .0660656   .1508955     0.44   0.662    -.2310673    .3631985
      knot12 |   .3314218    .242115     1.37   0.172    -.1453342    .8081777
      knot13 |   .1139355     .51122     0.22   0.824    -.8927232    1.120594
      knot14 |   .1769636   .5031008     0.35   0.725    -.8137072    1.167634
      knot15 |  -.0390998    .248829    -0.16   0.875    -.5290765    .4508769
      knot16 |   .8270221    .192122     4.30   0.000     .4487088    1.205335
      knot17 |  -.1524143   .2670425    -0.57   0.569    -.6782557    .3734271
      knot18 |   .3831628   .2024665     1.89   0.060    -.0155201    .7818457
      knot19 |   .1041475   .1342547     0.78   0.439    -.1602175    .3685125
      knot20 |   .1644099    .178958     0.92   0.359    -.1879816    .5168014
      knot21 |  -.2830225   .1552977    -1.82   0.070    -.5888239    .0227789
      knot22 |   .2339908   .2332161     1.00   0.317    -.2252421    .6932236
      knot23 |  -.4846091    .318062    -1.52   0.129    -1.110915    .1416964
      knot24 |  -.3326904   .2022048    -1.65   0.101    -.7308579    .0654772
      knot25 |  -.4558541   .1109165    -4.11   0.000    -.6742631   -.2374451
      knot26 |   -.476767   .2318374    -2.06   0.041    -.9332849   -.0202491
      knot27 |   .0902538   .4458818     0.20   0.840    -.7877454     .968253
      knot28 |  -.1908685   .3636065    -0.52   0.600    -.9068569      .52512
      knot29 |  -.1843615   .1980529    -0.93   0.353    -.5743534    .2056304
      knot30 |    .097305   .1642995     0.59   0.554    -.2262222    .4208321
      knot31 |  -.0784627   .1541653    -0.51   0.611    -.3820342    .2251087
      knot32 |   .2716434     .18775     1.45   0.149    -.0980608    .6413477
      knot33 |   .2504085   .1536962     1.63   0.104    -.0522393    .5530564
      knot34 |   .4527757   .1167216     3.88   0.000     .2229357    .6826156
      knot35 |   .5096697   .1147997     4.44   0.000     .2836141    .7357253
      knot36 |   .2537832   .1500141     1.69   0.092    -.0416141    .5491805
      knot37 |   .1150568   .1627756     0.71   0.480    -.2054696    .4355831
      knot38 |   .2188592    .232391     0.94   0.347    -.2387488    .6764672
       _cons |   .0166077   .0377344     0.44   0.660    -.0576963    .0909117
------------------------------------------------------------------------------

Nonlinear Nonparametric Statistics (NNS) Regression
Dependent variable:   y
Independent variable:  x
Method:               connect
Noise reduction:      mean
Partition:            xy
Order:                5
Number of obs:        300
R-squared:            0.9885
Root MSE:             0.0765

------------------------------------------------------------------------------
           y | Coefficient  Std. err.      t    P>|t|     [95% conf. interval]
-------------+----------------------------------------------------------------
           x |   .3908909   1.175796     0.33   0.740     -1.92566    2.707442
       knot1 |   1.184263   1.693088     0.70   0.485    -2.151455    4.519981
       knot2 |  -.9812875   1.210396    -0.81   0.418    -3.366008    1.403433
       knot3 |   .3265596   .8528155     0.38   0.702    -1.353656    2.006775
       knot4 |  -.2859996   .4961564    -0.58   0.565    -1.263526    .6915265
       knot5 |   .2947572   .6284468     0.47   0.639    -.9434072    1.532922
       knot6 |  -.5448673   .6617511    -0.82   0.411    -1.848648    .7589132
       knot7 |  -.0942848    .588642    -0.16   0.873    -1.254026    1.065456
       knot8 |  -.2377549   .6369924    -0.37   0.709    -1.492756    1.017246
       knot9 |  -4.945695   5.048171    -0.98   0.328    -14.89159      5.0002
      knot10 |   4.946209   5.086229     0.97   0.332    -5.074667    14.96709
      knot11 |  -.8241977    1.18754    -0.69   0.488    -3.163887    1.515491
      knot12 |   1.150619    2.41594     0.48   0.634    -3.609259    5.910498
      knot13 |  -1.359352   2.529546    -0.54   0.592    -6.343057    3.624352
      knot14 |   .2932689   1.445967     0.20   0.839    -2.555571    3.142109
      knot15 |  -.1440347   .7720634    -0.19   0.852    -1.665152    1.377083
      knot16 |  -.2948999   .6720242    -0.44   0.661     -1.61892    1.029121
      knot17 |    .191779   .5579128     0.34   0.731    -.9074193    1.290977
      knot18 |  -.3100039   .6111133    -0.51   0.612    -1.514018    .8940101
      knot19 |   .5935892   .7980714     0.74   0.458    -.9787691    2.165948
      knot20 |   .1252093   .8268646     0.15   0.880    -1.503877    1.754296
      knot21 |  -.8364667   .8533613    -0.98   0.328    -2.517757    .8448237
      knot22 |   .6600219   .6822564     0.97   0.334    -.6841581    2.004202
      knot23 |   -.090248   .5903307    -0.15   0.879    -1.253316     1.07282
      knot24 |    1.08959   .9739561     1.12   0.264    -.8292956    3.008476
      knot25 |  -.7544058   .9682276    -0.78   0.437    -2.662006    1.153194
      knot26 |   .3419119   .7240074     0.47   0.637    -1.084526     1.76835
      knot27 |  -.4394437   1.090427    -0.40   0.687      -2.5878    1.708913
      knot28 |   .6218169   1.108796     0.56   0.575     -1.56273    2.806364
      knot29 |   .6044912   .7915133     0.76   0.446    -.9549463    2.163929
      knot30 |   .0419631    .729015     0.06   0.954     -1.39434    1.478267
      knot31 |  -.0008476   .4792789    -0.00   0.999    -.9451217    .9434264
      knot32 |    .345734    1.04866     0.33   0.742    -1.720334    2.411802
      knot33 |    -.04575   1.849136    -0.02   0.980    -3.688913    3.597413
      knot34 |  -.2796216   1.386692    -0.20   0.840    -3.011679    2.452436
      knot35 |   .2471494   .6122679     0.40   0.687    -.9591394    1.453438
      knot36 |  -.0135095   .3824503    -0.04   0.972    -.7670121    .7399931
      knot37 |  -.1452824    .379402    -0.38   0.702    -.8927793    .6022146
      knot38 |   .2073659   .5245857     0.40   0.693    -.8261717    1.240903
      knot39 |  -.6973097   .6309995    -1.11   0.270    -1.940503    .5458839
      knot40 |  -.1039001   .5081954    -0.20   0.838    -1.105145    .8973452
      knot41 |   2.516955   2.776251     0.91   0.366    -2.952808    7.986718
      knot42 |  -2.884465   2.891559    -1.00   0.320    -8.581409    2.812478
      knot43 |  -.3981895   .8923776    -0.45   0.656     -2.15635    1.359971
      knot44 |   .4880117   .8777696     0.56   0.579    -1.241368    2.217391
      knot45 |  -.7315784   .7827133    -0.93   0.351    -2.273678    .8105214
      knot46 |  -316.3509   32.13744    -9.84   0.000     -379.668   -253.0338
      knot47 |   324.7679   32.19669    10.09   0.000      261.334    388.2017
      knot48 |  -9.228572   1.237609    -7.46   0.000    -11.66691   -6.790239
      knot49 |   .8015157   .8561109     0.94   0.350    -.8851919    2.488223
      knot50 |  -.1914888   .4988772    -0.38   0.701    -1.174375    .7913978
      knot51 |   .0635743    .317519     0.20   0.841    -.5620009    .6891495
      knot52 |  -.0183511   .2851973    -0.06   0.949    -.5802461    .5435439
      knot53 |   .2322577   .3574897     0.65   0.517    -.4720677     .936583
      knot54 |   .1822924   .4036948     0.45   0.652    -.6130662    .9776509
      knot55 |   .5151776   .6370363     0.81   0.420    -.7399097    1.770265
      knot56 |  -1.223828   1.403397    -0.87   0.384    -3.988797    1.541142
      knot57 |   1.338749   1.372015     0.98   0.330    -1.364391    4.041889
      knot58 |   3.418686   6.323619     0.54   0.589    -9.040094    15.87747
      knot59 |  -3.693382   6.340789    -0.58   0.561    -16.18599    8.799225
      knot60 |   6.167352   6.073233     1.02   0.311    -5.798117    18.13282
      knot61 |  -5.533826   5.957874    -0.93   0.354    -17.27201    6.204362
      knot62 |   .2610273    .436685     0.60   0.551    -.5993285    1.121383
      knot63 |    .098794   .3896552     0.25   0.800    -.6689038    .8664918
      knot64 |   .1779451   .5202647     0.34   0.733    -.8470792    1.202969
      knot65 |   .0372586   .9409288     0.04   0.968    -1.816557    1.891074
       _cons |   .0260246    .069466     0.37   0.708    -.1108371    .1628863
------------------------------------------------------------------------------

Nonlinear Nonparametric Statistics (NNS) Regression
Dependent variable:   y
Independent variable:  x
Method:               ols
Noise reduction:      mean
Partition:            xy
Order:                5
Number of obs:        300
R-squared:            0.9974
Root MSE:             0.0409

------------------------------------------------------------------------------
           y | Coefficient  Std. err.      t    P>|t|     [95% conf. interval]
-------------+----------------------------------------------------------------
           x |   .1233562   .6287606     0.20   0.845    -1.115426    1.362139
       knot1 |   1.443795   .9053842     1.59   0.112    -.3399911     3.22758
       knot2 |  -.5933389   .6472632    -0.92   0.360    -1.868575    .6818975
       knot3 |  -.1269965   .4560457    -0.28   0.781    -1.025497    .7715037
       knot4 |  -.1037295   .2653212    -0.39   0.696    -.6264646    .4190056
       knot5 |  -.0401475   .3360639    -0.12   0.905    -.7022597    .6219648
       knot6 |  -.3223492   .3538735    -0.91   0.363     -1.01955    .3748515
       knot7 |  -.0685521   .3147781    -0.22   0.828    -.6887272    .5516229
       knot8 |  -.4486863   .3406336    -1.32   0.189    -1.119802    .2224293
       knot9 |   2.299952   2.699525     0.85   0.395    -3.018646     7.61855
      knot10 |   -2.55852   2.719877    -0.94   0.348    -7.917215    2.800174
      knot11 |  -.0463366   .6350409    -0.07   0.942    -1.297493    1.204819
      knot12 |   .2558881   1.291931     0.20   0.843    -2.289472    2.801248
      knot13 |  -.4569404   1.352682    -0.34   0.736    -3.121992    2.208111
      knot14 |   .0138619   .7732351     0.02   0.986    -1.509564    1.537288
      knot15 |  -.3090758   .4128633    -0.75   0.455    -1.122498    .5043465
      knot16 |  -.0702853    .359367    -0.20   0.845    -.7783093    .6377387
      knot17 |   .0524558   .2983456     0.18   0.861     -.535344    .6402555
      knot18 |  -.2463982   .3267947    -0.75   0.452    -.8902484     .397452
      knot19 |   .5947108   .4267711     1.39   0.165    -.2461127    1.435534
      knot20 |  -.3815992   .4421684    -0.86   0.389    -1.252758      .48956
      knot21 |   -.140933   .4563376    -0.31   0.758    -1.040008    .7581422
      knot22 |   .5124162   .3648387     1.40   0.162    -.2063882    1.231221
      knot23 |  -.0277206   .3156811    -0.09   0.930    -.6496749    .5942336
      knot24 |   .3476026    .520826     0.67   0.505    -.6785275    1.373733
      knot25 |   .0426556   .5177627     0.08   0.934    -.9774392     1.06275
      knot26 |   .1195903   .3871652     0.31   0.758    -.6432017    .8823822
      knot27 |  -.4040204   .5831092    -0.69   0.489    -1.552861      .74482
      knot28 |   .6760203    .592932     1.14   0.255     -.492173    1.844214
      knot29 |    .693134   .4232642     1.64   0.103    -.1407801    1.527048
      knot30 |  -.4137519    .389843    -1.06   0.290     -1.18182    .3543158
      knot31 |   .2986423   .2562959     1.17   0.245    -.2063111    .8035958
      knot32 |   .5199879   .5607743     0.93   0.355    -.5848483    1.624824
      knot33 |  -.3427097   .9888312    -0.35   0.729    -2.290902    1.605483
      knot34 |  -.0824069   .7415379    -0.11   0.912    -1.543383    1.378569
      knot35 |   .1554495   .3274122     0.47   0.635    -.4896171    .8005162
      knot36 |   .0999087   .2045165     0.49   0.626    -.3030292    .5028466
      knot37 |  -.4211548   .2028864    -2.08   0.039    -.8208811   -.0214285
      knot38 |   .5435959   .2805238     1.94   0.054    -.0090915    1.096283
      knot39 |  -.8534545   .3374289    -2.53   0.012    -1.518256   -.1886528
      knot40 |    .148794   .2717591     0.55   0.585    -.3866251     .684213
      knot41 |  -1.171975   1.484609    -0.79   0.431    -4.096947    1.752998
      knot42 |   .5670951    1.54627     0.37   0.714    -2.479363    3.613553
      knot43 |  -.2021162   .4772017    -0.42   0.672    -1.142298    .7380654
      knot44 |   .2229855     .46939     0.48   0.635    -.7018055    1.147777
      knot45 |  -.4901884   .4185583    -1.17   0.243    -1.314831    .3344543
      knot46 |  -25.77794   17.18559    -1.50   0.135    -59.63696    8.081076
      knot47 |   26.28862   17.21728     1.53   0.128    -7.632827    60.21007
      knot48 |  -1.135548   .6618151    -1.72   0.088    -2.439454    .1683591
      knot49 |   .5299979   .4578079     1.16   0.248    -.3719741     1.43197
      knot50 |   -.365409   .2667761    -1.37   0.172    -.8910106    .1601927
      knot51 |   .1468203   .1697943     0.86   0.388     -.187708    .4813485
      knot52 |  -.0813501   .1525101    -0.53   0.594    -.3818252     .219125
      knot53 |   .2565392   .1911687     1.34   0.181     -.120101    .6331793
      knot54 |    .286982    .215877     1.33   0.185    -.1383384    .7123024
      knot55 |   .2338443   .3406571     0.69   0.493    -.4373176    .9050061
      knot56 |  -1.055316   .7504709    -1.41   0.161    -2.533892    .4232597
      knot57 |   1.735125   .7336891     2.36   0.019     .2896124    3.180637
      knot58 |  -3.120773   3.381575    -0.92   0.357    -9.783144    3.541598
      knot59 |   2.745419   3.390757     0.81   0.419    -3.935041     9.42588
      knot60 |   .3989717    3.24768     0.12   0.902      -5.9996    6.797543
      knot61 |   .1498929   3.185991     0.05   0.963    -6.127139    6.426925
      knot62 |   .0566761   .2335187     0.24   0.808    -.4034018     .516754
      knot63 |   .1633247   .2083693     0.78   0.434    -.2472041    .5738534
      knot64 |   .1469015   .2782132     0.53   0.598    -.4012334    .6950364
      knot65 |  -.0393064   .5031646    -0.08   0.938     -1.03064    .9520272
       _cons |   .0167333   .0371472     0.45   0.653    -.0564539    .0899205
------------------------------------------------------------------------------

Nonlinear Nonparametric Statistics (NNS) Regression
Dependent variable:   y
Independent variable:  x
Method:               connect
Noise reduction:      mean
Partition:            xonly
Order:                2
Number of obs:        300
R-squared:            0.2170
Root MSE:             0.6309

------------------------------------------------------------------------------
           y | Coefficient  Std. err.      t    P>|t|     [95% conf. interval]
-------------+----------------------------------------------------------------
           x |  -.1432919   .0619226    -2.31   0.021    -.2651579   -.0214258
       knot1 |   .1413139   .1003628     1.41   0.160    -.0562038    .3388316
       knot2 |   .0014597   .0895116     0.02   0.987    -.1747026    .1776219
       knot3 |  -.1427628   .1003628    -1.42   0.156    -.3402805    .0547549
       _cons |    .449125   .1344449     3.34   0.001     .1845322    .7137177
------------------------------------------------------------------------------

Nonlinear Nonparametric Statistics (NNS) Regression
Dependent variable:   y
Independent variable:  x
Method:               ols
Noise reduction:      mean
Partition:            xonly
Order:                2
Number of obs:        300
R-squared:            0.3379
Root MSE:             0.5840

------------------------------------------------------------------------------
           y | Coefficient  Std. err.      t    P>|t|     [95% conf. interval]
-------------+----------------------------------------------------------------
           x |  -.4266889   .0573276    -7.44   0.000    -.5395119    -.313866
       knot1 |   .5079306   .0929153     5.47   0.000     .3250697    .6907915
       knot2 |   .0020337   .0828694     0.02   0.980    -.1610564    .1651238
       knot3 |  -.5084907   .0929153    -5.47   0.000    -.6913516   -.3256298
       _cons |   1.073465   .1244684     8.62   0.000     .8285064    1.318424
------------------------------------------------------------------------------

Nonlinear Nonparametric Statistics (NNS) Regression
Dependent variable:   y
Independent variable:  x
Method:               connect
Noise reduction:      mean
Partition:            xonly
Order:                3
Number of obs:        300
R-squared:            0.1768
Root MSE:             0.6469

------------------------------------------------------------------------------
           y | Coefficient  Std. err.      t    P>|t|     [95% conf. interval]
-------------+----------------------------------------------------------------
           x |   .3683885   .1543629     2.39   0.018     .0645964    .6721806
       knot1 |  -.5870851   .1798728    -3.26   0.001    -.9410816   -.2330887
       knot2 |    .219505   .0640632     3.43   0.001     .0934262    .3455839
       knot3 |  -.0107303   .1082119    -0.10   0.921    -.2236954    .2022348
       _cons |   .0667803   .1876847     0.36   0.722    -.3025904     .436151
------------------------------------------------------------------------------

Nonlinear Nonparametric Statistics (NNS) Regression
Dependent variable:   y
Independent variable:  x
Method:               ols
Noise reduction:      mean
Partition:            xonly
Order:                3
Number of obs:        300
R-squared:            0.2579
Root MSE:             0.6183

------------------------------------------------------------------------------
           y | Coefficient  Std. err.      t    P>|t|     [95% conf. interval]
-------------+----------------------------------------------------------------
           x |   .2150826   .1475598     1.46   0.146    -.0753207    .5054858
       knot1 |  -.4755888   .1719453    -2.77   0.006    -.8139837   -.1371938
       knot2 |   .3631973   .0612398     5.93   0.000     .2426751    .4837196
       knot3 |  -.5631882   .1034427    -5.44   0.000    -.7667674    -.359609
       _cons |   .3399307    .179413     1.89   0.059    -.0131609    .6930224
------------------------------------------------------------------------------

Nonlinear Nonparametric Statistics (NNS) Regression
Dependent variable:   y
Independent variable:  x
Method:               connect
Noise reduction:      mean
Partition:            xonly
Order:                4
Number of obs:        300
R-squared:            0.7879
Root MSE:             0.3284

------------------------------------------------------------------------------
           y | Coefficient  Std. err.      t    P>|t|     [95% conf. interval]
-------------+----------------------------------------------------------------
           x |   .8309866   .2337651     3.55   0.000     .3709019    1.291071
       knot1 |  -.8127279   .2858045    -2.84   0.005    -1.375234   -.2502218
       knot2 |  -.7165308   .1210529    -5.92   0.000     -.954781   -.4782805
       knot3 |   .8323699   .1433822     5.81   0.000     .5501723    1.114568
       knot4 |   .5912946   .1814159     3.26   0.001      .234241    .9483483
       knot5 |  -.7166062   .1288099    -5.56   0.000    -.9701234    -.463089
       knot6 |  -.4450654   .0778747    -5.72   0.000    -.5983344   -.2917964
       knot7 |   1.024995   .1524338     6.72   0.000     .7249824    1.325007
       _cons |  -.0035872   .1342466    -0.03   0.979    -.2678045    .2606301
------------------------------------------------------------------------------

Nonlinear Nonparametric Statistics (NNS) Regression
Dependent variable:   y
Independent variable:  x
Method:               ols
Noise reduction:      mean
Partition:            xonly
Order:                4
Number of obs:        300
R-squared:            0.9349
Root MSE:             0.1844

------------------------------------------------------------------------------
           y | Coefficient  Std. err.      t    P>|t|     [95% conf. interval]
-------------+----------------------------------------------------------------
           x |   1.252233   .1312433     9.54   0.000     .9939265     1.51054
       knot1 |  -1.284023   .1604599    -8.00   0.000    -1.599832   -.9682137
       knot2 |  -.9221257    .067963   -13.57   0.000    -1.055887   -.7883643
       knot3 |   1.097457   .0804994    13.63   0.000     .9390222    1.255892
       knot4 |   1.243314   .1018528    12.21   0.000     1.042853    1.443776
       knot5 |  -1.490347   .0723181   -20.61   0.000     -1.63268   -1.348014
       knot6 |  -.6694161   .0437214   -15.31   0.000    -.7554662   -.5833659
       knot7 |   1.993758   .0855813    23.30   0.000     1.825321    2.162194
       _cons |  -.0687104   .0753704    -0.91   0.363    -.2170505    .0796298
------------------------------------------------------------------------------

Nonlinear Nonparametric Statistics (NNS) Regression
Dependent variable:   y
Independent variable:  x
Method:               connect
Noise reduction:      mean
Partition:            xonly
Order:                5
Number of obs:        300
R-squared:            0.9689
Root MSE:             0.1256

------------------------------------------------------------------------------
           y | Coefficient  Std. err.      t    P>|t|     [95% conf. interval]
-------------+----------------------------------------------------------------
           x |   .9930974   .2536143     3.92   0.000     .4939176    1.492277
       knot1 |  -.4031693   .2923094    -1.38   0.169    -.9785115    .1721728
       knot2 |  -.9137115   .0940304    -9.72   0.000    -1.098788   -.7286348
       knot3 |  -.5735521   .0769634    -7.45   0.000    -.7250364   -.4220679
       knot4 |   .5473331   .0764811     7.16   0.000     .3967982     .697868
       knot5 |   .9682004   .0764771    12.66   0.000     .8176733    1.118727
       knot6 |   .2143889   .0764764     2.80   0.005     .0638632    .3649147
       knot7 |  -.8253574   .0764708   -10.79   0.000    -.9758721   -.6748427
       knot8 |  -.8191306   .0763931   -10.72   0.000    -.9694924   -.6687688
       knot9 |   .1728335   .0757842     2.28   0.023     .0236702    .3219967
      knot10 |   .9912295   .0790775    12.53   0.000     .8355841    1.146875
      knot11 |    .541488   .1672627     3.24   0.001     .2122708    .8707052
       _cons |  -.0131576   .0708163    -0.19   0.853    -.1525428    .1262275
------------------------------------------------------------------------------

Nonlinear Nonparametric Statistics (NNS) Regression
Dependent variable:   y
Independent variable:  x
Method:               ols
Noise reduction:      mean
Partition:            xonly
Order:                5
Number of obs:        300
R-squared:            0.9939
Root MSE:             0.0570

------------------------------------------------------------------------------
           y | Coefficient  Std. err.      t    P>|t|     [95% conf. interval]
-------------+----------------------------------------------------------------
           x |   1.150753    .115077    10.00   0.000     .9242514    1.377255
       knot1 |  -.4315029   .1326349    -3.25   0.001    -.6925634   -.1704424
       knot2 |  -1.095537   .0426661   -25.68   0.000    -1.179515   -1.011558
       knot3 |  -.6967012    .034922   -19.95   0.000     -.765437   -.6279655
       knot4 |   .6602855   .0347032    19.03   0.000     .5919806    .7285905
       knot5 |   1.146634   .0347013    33.04   0.000     1.078333    1.214936
       knot6 |   .2540685    .034701     7.32   0.000     .1857677    .3223693
       knot7 |  -.9761286   .0346985   -28.13   0.000    -1.044424   -.9078328
       knot8 |    -.97827   .0346632   -28.22   0.000    -1.046496   -.9100436
       knot9 |    .201998   .0343869     5.87   0.000     .1343154    .2696805
      knot10 |   1.184156   .0358813    33.00   0.000     1.113533     1.25478
      knot11 |   .6911397   .0758952     9.11   0.000      .541758    .8405215
       _cons |  -.0283011   .0321328    -0.88   0.379    -.0915468    .0349447
------------------------------------------------------------------------------

. 
. // High signal stochastic sine
. clear

. set obs 300
Number of observations (_N) was 0, now 300.

. gen x = 4 * _pi * runiform()

. gen true = sin(x)

. gen y = true + rnormal(0, .04)

. _run_models, scenario("sine_random_low_noise") xvar(x) yvar(y) truevar(true)

      Source |       SS           df       MS      Number of obs   =       300
-------------+----------------------------------   F(1, 298)       =     32.06
       Model |   14.873297         1   14.873297   Prob > F        =    0.0000
    Residual |  138.236736       298  .463881666   R-squared       =    0.0971
-------------+----------------------------------   Adj R-squared   =    0.0941
       Total |  153.110033       299   .51207369   Root MSE        =    .68109

------------------------------------------------------------------------------
           y | Coefficient  Std. err.      t    P>|t|     [95% conf. interval]
-------------+----------------------------------------------------------------
           x |  -.0631346   .0111498    -5.66   0.000    -.0850769   -.0411923
       _cons |   .3696615   .0799288     4.62   0.000     .2123652    .5269578
------------------------------------------------------------------------------

Nonlinear Nonparametric Statistics (NNS) Regression
Dependent variable:   y
Independent variable:  x
Method:               connect
Noise reduction:      mean
Partition:            xy
Order:                2
Number of obs:        300
R-squared:            0.7785
Root MSE:             0.3368

------------------------------------------------------------------------------
           y | Coefficient  Std. err.      t    P>|t|     [95% conf. interval]
-------------+----------------------------------------------------------------
           x |   .2922454   .0787048     3.71   0.000     .1373471    .4471437
       knot1 |  -.7449764   .1001747    -7.44   0.000    -.9421295   -.5478233
       knot2 |   .8606032   .0807782    10.65   0.000     .7016242    1.019582
       knot3 |  -.0756499    .109387    -0.69   0.490    -.2909337     .139634
       knot4 |  -.7967217    .087332    -9.12   0.000    -.9685993   -.6248441
       knot5 |   .7958754   .1018461     7.81   0.000     .5954327    .9963181
       _cons |   .1180402   .1057989     1.12   0.265    -.0901818    .3262623
------------------------------------------------------------------------------

Nonlinear Nonparametric Statistics (NNS) Regression
Dependent variable:   y
Independent variable:  x
Method:               ols
Noise reduction:      mean
Partition:            xy
Order:                2
Number of obs:        300
R-squared:            0.9822
Root MSE:             0.0964

------------------------------------------------------------------------------
           y | Coefficient  Std. err.      t    P>|t|     [95% conf. interval]
-------------+----------------------------------------------------------------
           x |   .5759843   .0225271    25.57   0.000      .531649    .6203197
       knot1 |  -1.387419   .0286722   -48.39   0.000    -1.443848   -1.330989
       knot2 |   1.633012   .0231205    70.63   0.000     1.587509    1.678516
       knot3 |   -.322715    .031309   -10.31   0.000     -.384334    -.261096
       knot4 |  -1.378356   .0249964   -55.14   0.000    -1.427551   -1.329161
       knot5 |   1.542758   .0291506    52.92   0.000     1.485387    1.600129
       _cons |   .1609097    .030282     5.31   0.000     .1013119    .2205074
------------------------------------------------------------------------------

Nonlinear Nonparametric Statistics (NNS) Regression
Dependent variable:   y
Independent variable:  x
Method:               connect
Noise reduction:      mean
Partition:            xy
Order:                3
Number of obs:        300
R-squared:            0.8539
Root MSE:             0.2735

------------------------------------------------------------------------------
           y | Coefficient  Std. err.      t    P>|t|     [95% conf. interval]
-------------+----------------------------------------------------------------
           x |   .8457708   1.046592     0.81   0.420     -1.21426    2.905801
       knot1 |  -.2539724   1.113584    -0.23   0.820    -2.445865     1.93792
       knot2 |   -.714734   .2303297    -3.10   0.002    -1.168097   -.2613708
       knot3 |  -.7549716    .203724    -3.71   0.000    -1.155966   -.3539771
       knot4 |   .1213096   .2143207     0.57   0.572    -.3005427    .5431618
       knot5 |   .7136772   .2649749     2.69   0.007     .1921211    1.235233
       knot6 |   .7219593   .2846994     2.54   0.012      .161579     1.28234
       knot7 |   .1696674   .2133882     0.80   0.427    -.2503494    .5896842
       knot8 |  -.7734966    .198638    -3.89   0.000     -1.16448   -.3825129
       knot9 |  -27.78068   3.964284    -7.01   0.000    -35.58367   -19.97769
      knot10 |   27.86502    3.95913     7.04   0.000     20.07217    35.65786
      knot11 |  -1.040287   .1868207    -5.57   0.000    -1.408011   -.6725635
      knot12 |   4.898636   .9937551     4.93   0.000     2.942605    6.854666
      knot13 |  -3.819781   .9826479    -3.89   0.000    -5.753949   -1.885613
       _cons |   .0398559    .238909     0.17   0.868     -.430394    .5101059
------------------------------------------------------------------------------

Nonlinear Nonparametric Statistics (NNS) Regression
Dependent variable:   y
Independent variable:  x
Method:               ols
Noise reduction:      mean
Partition:            xy
Order:                3
Number of obs:        300
R-squared:            0.9928
Root MSE:             0.0623

------------------------------------------------------------------------------
           y | Coefficient  Std. err.      t    P>|t|     [95% conf. interval]
-------------+----------------------------------------------------------------
           x |    .972106    .238553     4.08   0.000     .5025568    1.441655
       knot1 |  -.1999317   .2538227    -0.79   0.432    -.6995367    .2996733
       knot2 |  -1.002459   .0524998   -19.09   0.000    -1.105796   -.8991228
       knot3 |  -.7692707   .0464354   -16.57   0.000    -.8606706   -.6778707
       knot4 |   .2070988   .0488508     4.24   0.000     .1109447    .3032529
       knot5 |   .7560266   .0603966    12.52   0.000     .6371467    .8749065
       knot6 |   .7416153   .0648924    11.43   0.000     .6138861    .8693446
       knot7 |    .303542   .0486382     6.24   0.000     .2078062    .3992777
       knot8 |  -.8893524   .0452762   -19.64   0.000    -.9784706   -.8002343
       knot9 |  -2.091244   .9035917    -2.31   0.021    -3.869804   -.3126841
      knot10 |   1.004347    .902417     1.11   0.267    -.7719011    2.780594
      knot11 |   .2848052   .0425826     6.69   0.000     .2009888    .3686216
      knot12 |   .5287886   .2265097     2.33   0.020     .0829444    .9746328
      knot13 |   .8568878    .223978     3.83   0.000     .4160268    1.297749
       _cons |   .0180186   .0544553     0.33   0.741    -.0891669    .1252042
------------------------------------------------------------------------------

Nonlinear Nonparametric Statistics (NNS) Regression
Dependent variable:   y
Independent variable:  x
Method:               connect
Noise reduction:      mean
Partition:            xy
Order:                4
Number of obs:        300
R-squared:            0.9773
Root MSE:             0.1077

------------------------------------------------------------------------------
           y | Coefficient  Std. err.      t    P>|t|     [95% conf. interval]
-------------+----------------------------------------------------------------
           x |   .7465228    1.12567     0.66   0.508     -1.47027    2.963316
       knot1 |   .2048148   1.527579     0.13   0.893    -2.803463    3.213093
       knot2 |  -.1996149   .7236061    -0.28   0.783     -1.62462     1.22539
       knot3 |  -.0957247   .3935465    -0.24   0.808      -.87074    .6792906
       knot4 |  -.4416506   .2784092    -1.59   0.114    -.9899247    .1066234
       knot5 |  -.5954882   .2740988    -2.17   0.031    -1.135274   -.0557025
       knot6 |   .3356968   1.100279     0.31   0.761    -1.831094    2.502487
       knot7 |  -1.099119   1.883132    -0.58   0.560     -4.80759    2.609352
       knot8 |   2.167868   2.706032     0.80   0.424    -3.161149    7.496886
       knot9 |  -2.060848   2.401772    -0.86   0.392    -6.790683    2.668987
      knot10 |   .1698119   .6014418     0.28   0.778    -1.014614    1.354238
      knot11 |  -.0071462   .2993055    -0.02   0.981    -.5965716    .5822792
      knot12 |  -.1988351   .3906658    -0.51   0.611    -.9681775    .5705072
      knot13 |   .2854312   .3713614     0.77   0.443    -.4458947    1.016757
      knot14 |   .3284875   .5262511     0.62   0.533    -.7078644    1.364839
      knot15 |   .6326778   1.045804     0.60   0.546    -1.426836    2.692192
      knot16 |  -1.221193   1.409975    -0.87   0.387    -3.997872    1.555486
      knot17 |   .9641989   1.156238     0.83   0.405    -1.312793    3.241191
      knot18 |    .815422   .9647098     0.85   0.399    -1.084391    2.715235
      knot19 |  -1.483311   1.826374    -0.81   0.417     -5.08001    2.113387
      knot20 |    1.31442   1.530465     0.86   0.391    -1.699541    4.328381
      knot21 |   .2308888   .7704357     0.30   0.765    -1.286338    1.748116
      knot22 |  -.0957222   .9072282    -0.11   0.916    -1.882336    1.690892
      knot23 |  -.0712452   .6934374    -0.10   0.918    -1.436839    1.294348
      knot24 |   .5453297   .4733533     1.15   0.250      -.38685    1.477509
      knot25 |   -.278276   .3654024    -0.76   0.447    -.9978668    .4413148
      knot26 |   .2896336   .3733875     0.78   0.439    -.4456822    1.024949
      knot27 |  -.9279068   .5225364    -1.78   0.077    -1.956943    .1011297
      knot28 |  -.1804158   .3869914    -0.47   0.641    -.9425221    .5816905
      knot29 |  -2.784886   .3022569    -9.21   0.000    -3.380124   -2.189648
      knot30 |   34.41316   3.093431    11.12   0.000     28.32124    40.50509
      knot31 |  -32.44401   3.123904   -10.39   0.000    -38.59595   -26.29208
      knot32 |  -.2382406    .432203    -0.55   0.582    -1.089382    .6129012
      knot33 |   .1112424   .4922052     0.23   0.821    -.8580626    1.080547
      knot34 |   -.092164   .4190795    -0.22   0.826    -.9174618    .7331338
      knot35 |   .0321391   .3612103     0.09   0.929    -.6791961    .7434744
      knot36 |   .1431194   .4024934     0.36   0.722    -.6495152     .935754
      knot37 |   .3782757   .3870579     0.98   0.329    -.3839615    1.140513
      knot38 |     .35958   .3141415     1.14   0.253    -.2590622    .9782221
      knot39 |   .4478076   .2975992     1.50   0.134    -.1382577    1.033873
      knot40 |   .3381886   .3957562     0.85   0.394    -.4411782    1.117556
      knot41 |   .2061763   .4026769     0.51   0.609    -.5868195    .9991721
      knot42 |   .6442519   1.006847     0.64   0.523    -1.338542    2.627046
      knot43 |  -4.254084   21.14906    -0.20   0.841    -45.90315    37.39499
       _cons |   .0403622   .1113023     0.36   0.717    -.1788266     .259551
------------------------------------------------------------------------------

Nonlinear Nonparametric Statistics (NNS) Regression
Dependent variable:   y
Independent variable:  x
Method:               ols
Noise reduction:      mean
Partition:            xy
Order:                4
Number of obs:        300
R-squared:            0.9971
Root MSE:             0.0415

------------------------------------------------------------------------------
           y | Coefficient  Std. err.      t    P>|t|     [95% conf. interval]
-------------+----------------------------------------------------------------
           x |   .8240618   .4337597     1.90   0.059    -.0301458    1.678269
       knot1 |    .083565   .5886295     0.14   0.887    -1.075629    1.242759
       knot2 |  -.0902814   .2788306    -0.32   0.746    -.6393855    .4588228
       knot3 |  -.1990923   .1516472    -1.31   0.190    -.4977327    .0995481
       knot4 |   -.289424   .1072807    -2.70   0.007    -.5006931   -.0781548
       knot5 |   -.774191   .1056198    -7.33   0.000    -.9821892   -.5661928
       knot6 |   .1872017   .4239757     0.44   0.659    -.6477382    1.022142
       knot7 |  -.6490456   .7256362    -0.89   0.372    -2.078049    .7799574
       knot8 |   .9250886   1.042728     0.89   0.376    -1.128368    2.978545
       knot9 |  -.9671243   .9254864    -1.04   0.297    -2.789695    .8554459
      knot10 |    .117551   .2317565     0.51   0.612    -.3388495    .5739515
      knot11 |  -.1415291   .1153328    -1.23   0.221    -.3686553     .085597
      knot12 |  -.0735619   .1505372    -0.49   0.626    -.3700163    .2228925
      knot13 |   .2453972   .1430985     1.71   0.088    -.0364081    .5272026
      knot14 |   .5132931   .2027829     2.53   0.012     .1139506    .9126356
      knot15 |  -.0484219   .4029849    -0.12   0.904    -.8420243    .7451806
      knot16 |  -.1515433   .5433126    -0.28   0.781    -1.221494    .9184079
      knot17 |   .3781836   .4455389     0.85   0.397    -.4992208    1.255588
      knot18 |   .3248468   .3717363     0.87   0.383    -.4072174    1.056911
      knot19 |  -.0296139   .7037657    -0.04   0.966    -1.415547    1.356319
      knot20 |   .4346607   .5897415     0.74   0.462    -.7267236    1.596045
      knot21 |  -.1933315   .2968757    -0.65   0.515    -.7779721     .391309
      knot22 |   .5164421   .3495866     1.48   0.141    -.1720025    1.204887
      knot23 |  -.0585047   .2672056    -0.22   0.827    -.5847155    .4677061
      knot24 |   .0568374   .1823995     0.31   0.756    -.3023639    .4160387
      knot25 |  -.0612734   .1408023    -0.44   0.664    -.3385569      .21601
      knot26 |   .1731942   .1438792     1.20   0.230    -.1101486    .4565371
      knot27 |  -.6133445   .2013515    -3.05   0.003    -1.009868   -.2168209
      knot28 |  -.3426277   .1491213    -2.30   0.022    -.6362938   -.0489615
      knot29 |  -.5350096   .1164701    -4.59   0.000    -.7643755   -.3056438
      knot30 |  -.0861593   1.192007    -0.07   0.942    -2.433591    2.261272
      knot31 |  -.1084998   1.203749    -0.09   0.928    -2.479055    2.262056
      knot32 |  -.3702894   .1665429    -2.22   0.027     -.698264   -.0423148
      knot33 |   .1117507   .1896638     0.59   0.556    -.2617562    .4852577
      knot34 |  -.0978699    .161486    -0.61   0.545    -.4158859    .2201461
      knot35 |   .0596847   .1391869     0.43   0.668    -.2144176     .333787
      knot36 |   .0865049   .1550948     0.56   0.578    -.2189248    .3919347
      knot37 |   .4656345   .1491469     3.12   0.002      .171918     .759351
      knot38 |   .3239797   .1210497     2.68   0.008     .0855953    .5623641
      knot39 |   .3572265   .1146754     3.12   0.002     .1313951    .5830579
      knot40 |   .5880153   .1524987     3.86   0.000     .2876981    .8883325
      knot41 |   .0106666   .1551654     0.07   0.945    -.2949023    .3162356
      knot42 |   .4657448   .3879731     1.20   0.231    -.2982946    1.229784
      knot43 |   1.400619    8.14947     0.17   0.864    -14.64822    17.44946
       _cons |   .0346206   .0428887     0.81   0.420    -.0498405    .1190817
------------------------------------------------------------------------------

Nonlinear Nonparametric Statistics (NNS) Regression
Dependent variable:   y
Independent variable:  x
Method:               connect
Noise reduction:      mean
Partition:            xy
Order:                5
Number of obs:        300
R-squared:            0.9966
Root MSE:             0.0419

------------------------------------------------------------------------------
           y | Coefficient  Std. err.      t    P>|t|     [95% conf. interval]
-------------+----------------------------------------------------------------
           x |   .7465228   .4456661     1.68   0.095    -.1318205    1.624866
       knot1 |   .2048148   .6277397     0.33   0.745    -1.032369    1.441999
       knot2 |  -.1652037   .4474961    -0.37   0.712    -1.047154    .7167465
       knot3 |   .1240726   .4251557     0.29   0.771    -.7138477    .9619929
       knot4 |  -.4414975   .5691815    -0.78   0.439    -1.563272     .680277
       knot5 |   .1774187   .5608539     0.32   0.752    -.9279432    1.282781
       knot6 |  -.4411517   .2533945    -1.74   0.083    -.9405555    .0582522
       knot7 |   2.589991   1.647711     1.57   0.117    -.6574094     5.83739
       knot8 |  -2.709434   1.750869    -1.55   0.123    -6.160144    .7412752
       knot9 |  -.5849716   .4613518    -1.27   0.206    -1.494229     .324286
      knot10 |  -.4150892   .6747454    -0.62   0.539    -1.744915    .9147363
      knot11 |  -.7127836   1.530764    -0.47   0.642    -3.729698     2.30413
      knot12 |   5.736962   2.814932     2.04   0.043     .1891385    11.28479
      knot13 |  -5.766348   2.875028    -2.01   0.046    -11.43261   -.1000837
      knot14 |   3.846367   3.172661     1.21   0.227    -2.406488    10.09922
      knot15 |  -6.396215   3.915416    -1.63   0.104    -14.11293    1.320505
      knot16 |   5.229851   2.855478     1.83   0.068    -.3978823    10.85758
      knot17 |  -2.060848   1.088438    -1.89   0.060    -4.206002    .0843063
      knot18 |   .2053245   .2656527     0.77   0.440    -.3182386    .7288876
      knot19 |   .1883535   .3636851     0.52   0.605    -.5284173    .9051243
      knot20 |  -.7735451   .6050815    -1.28   0.202    -1.966073     .418983
      knot21 |   .6143171   .5461416     1.12   0.262     -.462049    1.690683
      knot22 |  -.3762414   .3398496    -1.11   0.269    -1.046036    .2935531
      knot23 |   .2413797   .2706904     0.89   0.374     -.292112    .7748714
      knot24 |   .0760632   .3706914     0.21   0.838    -.6545159    .8066424
      knot25 |  -.4244172   .7586119    -0.56   0.576    -1.919532    1.070697
      knot26 |   1.911841   .9074902     2.11   0.036      .123309    3.700373
      knot27 |  -2.264987   2.363925    -0.96   0.339    -6.923941    2.393967
      knot28 |   1.238739   2.814243     0.44   0.660    -4.307726    6.785204
      knot29 |   .5735998   .9468057     0.61   0.545    -1.292417    2.439617
      knot30 |  -4.850812   1.949141    -2.49   0.014    -8.692287   -1.009337
      knot31 |   4.790487   2.062886     2.32   0.021     .7248357    8.856138
      knot32 |  -1.054065   1.437248    -0.73   0.464    -3.886673    1.778544
      knot33 |   1.409852   1.591635     0.89   0.377    -1.727031    4.546734
      knot34 |  -1.518341   .8502434    -1.79   0.076    -3.194048    .1573659
      knot35 |   .9899307   .9201003     1.08   0.283    -.8234539    2.803315
      knot36 |   3.003023   1.309124     2.29   0.023     .4229279    5.583117
      knot37 |  -3.694959   1.488581    -2.48   0.014    -6.628737   -.7611803
      knot38 |    1.31442   .6755624     1.95   0.053    -.0170159    2.645856
      knot39 |   .1515981   .4377373     0.35   0.729    -.7111187    1.014315
      knot40 |  -.0915464    .706311    -0.13   0.897    -1.483583     1.30049
      knot41 |    .533134   .7209393     0.74   0.460    -.8877331    1.954001
      knot42 |  -1.703361   1.124895    -1.51   0.131    -3.920366    .5136432
      knot43 |  -2.137573   2.496667    -0.86   0.393    -7.058143    2.782997
      knot44 |    8.83842    3.21885     2.75   0.007     2.494532    15.18231
      knot45 |  -5.837535   1.719387    -3.40   0.001    -9.226198   -2.448871
      knot46 |   1.828069    1.08681     1.68   0.094    -.3138769    3.970014
      knot47 |  -1.303146   1.163266    -1.12   0.264    -3.595776    .9894836
      knot48 |   .1629485    .344759     0.47   0.637    -.5165216    .8424187
      knot49 |  -.1636471   .3588694    -0.46   0.649    -.8709268    .5436326
      knot50 |   .3432483   .3063101     1.12   0.264    -.2604446    .9469412
      knot51 |  -.9279068     .22587    -4.11   0.000    -1.373064   -.4827496
      knot52 |  -.0322434   .1916643    -0.17   0.867    -.4099859    .3454992
      knot53 |  -1.787019   1.017277    -1.76   0.080    -3.791925    .2178872
      knot54 |   1.707914   1.250376     1.37   0.173    -.7563974    4.172224
      knot55 |  -.7820531   .6787365    -1.15   0.250    -2.119744    .5556384
      knot56 |    .356122   .5983128     0.60   0.552     -.823066     1.53531
      knot57 |  -.4861362   .3943981    -1.23   0.219    -1.263438    .2911654
      knot58 |   .4593358    .514641     0.89   0.373    -.5549472    1.473619
      knot59 |  -.8323209   .5982723    -1.39   0.166    -2.011429    .3467873
      knot60 |   .0218548   .5429478     0.04   0.968    -1.048217    1.091926
      knot61 |   .2126348    .439728     0.48   0.629    -.6540056    1.079275
      knot62 |  -.5939924   1.502624    -0.40   0.693    -3.555448    2.367463
      knot63 |   3.014243   2.998755     1.01   0.316    -2.895868    8.924355
      knot64 |  -6.711018   5.369427    -1.25   0.213    -17.29338    3.871346
      knot65 |   4.251169    3.83058     1.11   0.268     -3.29835    11.80069
      knot66 |   .0183339   .2002741     0.09   0.927    -.3763774    .4130451
      knot67 |   .1046482   .3037979     0.34   0.731    -.4940935    .7033899
      knot68 |  -.3798215   .5645256    -0.67   0.502     -1.49242    .7327769
      knot69 |   1.350292   .8171375     1.65   0.100    -.2601682    2.960751
      knot70 |  -.5132257   .6293628    -0.82   0.416    -1.753609    .7271574
      knot71 |   .2145908   .2983237     0.72   0.473    -.3733622    .8025437
      knot72 |   .4595382   .6783634     0.68   0.499    -.8774179    1.796494
      knot73 |  -.8452617   1.054216    -0.80   0.424    -2.922969    1.232446
      knot74 |   .9875508   .6784763     1.46   0.147    -.3496277    2.324729
      knot75 |   .0878527   .3597562     0.24   0.807    -.6211747    .7968802
      knot76 |    .200808    .253136     0.79   0.428    -.2980864    .6997024
      knot77 |   .2061763   .1705081     1.21   0.228    -.1298704     .542223
      knot78 |   .6442519   .3923988     1.64   0.102    -.1291093    1.417613
      knot79 |  -4.254084   8.228332    -0.52   0.606    -20.47094    11.96277
       _cons |   .0403622   .0433407     0.93   0.353    -.0450561    .1257805
------------------------------------------------------------------------------

Nonlinear Nonparametric Statistics (NNS) Regression
Dependent variable:   y
Independent variable:  x
Method:               ols
Noise reduction:      mean
Partition:            xy
Order:                5
Number of obs:        300
R-squared:            0.9977
Root MSE:             0.0401

------------------------------------------------------------------------------
           y | Coefficient  Std. err.      t    P>|t|     [95% conf. interval]
-------------+----------------------------------------------------------------
           x |   .8132559   .4261333     1.91   0.058    -.0265912    1.653103
       knot1 |   .1100102    .600227     0.18   0.855     -1.07295    1.292971
       knot2 |  -.1391764   .4278832    -0.33   0.745    -.9824723    .7041195
       knot3 |   .0951914   .4065219     0.23   0.815    -.7060044    .8963871
       knot4 |  -.3614681   .5442354    -0.66   0.507    -1.434077    .7111411
       knot5 |   .1596661   .5362727     0.30   0.766    -.8972498    1.216582
       knot6 |  -.3843519   .2422887    -1.59   0.114    -.8618678     .093164
       knot7 |  -.6069257   1.575495    -0.39   0.700    -3.711998    2.498147
       knot8 |   .7477339   1.674132     0.45   0.656    -2.551737    4.047205
       knot9 |  -1.076028   .4411316    -2.44   0.016    -1.945435   -.2066218
      knot10 |  -.2699709   .6451725    -0.42   0.676    -1.541513    1.001571
      knot11 |    -.18333   1.463673    -0.13   0.900    -3.068018    2.701358
      knot12 |   5.885133   2.691559     2.19   0.030     .5804605    11.18981
      knot13 |  -7.672443   2.749021    -2.79   0.006    -13.09037    -2.25452
      knot14 |   6.876092   3.033609     2.27   0.024     .8972876     12.8549
      knot15 |  -9.601388   3.743811    -2.56   0.011     -16.9799   -2.222878
      knot16 |   6.663472   2.730327     2.44   0.015     1.282391    12.04455
      knot17 |  -2.025805   1.040734    -1.95   0.053    -4.076941    .0253314
      knot18 |   .1401628   .2540097     0.55   0.582    -.3604535    .6407791
      knot19 |   .0833245   .3477455     0.24   0.811    -.6020316    .7686805
      knot20 |    -.75909   .5785619    -1.31   0.191    -1.899352    .3811718
      knot21 |   .7806234   .5222052     1.49   0.136    -.2485676    1.809814
      knot22 |  -.4756668   .3249546    -1.46   0.145    -1.116105    .1647718
      knot23 |   .2507814   .2588266     0.97   0.334    -.2593283    .7608912
      knot24 |   .3457605   .3544447     0.98   0.330    -.3527987     1.04432
      knot25 |  -.6279786   .7253634    -0.87   0.388    -2.057565    .8016077
      knot26 |   1.302795   .8677166     1.50   0.135    -.4073488    3.012939
      knot27 |   -1.55465   2.260318    -0.69   0.492    -6.009411    2.900111
      knot28 |   1.330452     2.6909     0.49   0.622    -3.972921    6.633826
      knot29 |  -.1298078   .9053089    -0.14   0.886    -1.914041    1.654425
      knot30 |  -.5327208   1.863714    -0.29   0.775    -4.205831     3.14039
      knot31 |   .4914995   1.972474     0.25   0.803    -3.395961     4.37896
      knot32 |  -.6529217   1.374257    -0.48   0.635    -3.361383    2.055539
      knot33 |   1.653836   1.521877     1.09   0.278    -1.345563    4.653235
      knot34 |  -1.902719   .8129788    -2.34   0.020    -3.504983   -.3004557
      knot35 |   1.241685    .879774     1.41   0.160    -.4922223    2.975592
      knot36 |   2.265692   1.251748     1.81   0.072    -.2013223    4.732705
      knot37 |  -2.694225   1.423339    -1.89   0.060    -5.499421    .1109711
      knot38 |   1.027133   .6459538     1.59   0.113    -.2459489    2.300214
      knot39 |   .2007875   .4185521     0.48   0.632     -.624118    1.025693
      knot40 |  -.5939457   .6753547    -0.88   0.380    -1.924972    .7370808
      knot41 |   .9926229   .6893419     1.44   0.151    -.3659702    2.351216
      knot42 |  -.9831429   1.075593    -0.91   0.362     -3.10298    1.136694
      knot43 |    3.41871   2.387243     1.43   0.154    -1.286201    8.123621
      knot44 |  -3.894274   3.077774    -1.27   0.207    -9.960122    2.171573
      knot45 |   .9400467    1.64403     0.57   0.568    -2.300098    4.180191
      knot46 |    .700391   1.039177     0.67   0.501    -1.347677    2.748459
      knot47 |  -.5054335   1.112283    -0.45   0.650    -2.697582    1.686715
      knot48 |  -.0129579   .3296489    -0.04   0.969    -.6626482    .6367323
      knot49 |   .0175355   .3431408     0.05   0.959    -.6587455    .6938165
      knot50 |   .1488632   .2928851     0.51   0.612     -.428371    .7260974
      knot51 |  -.5824965   .2159706    -2.70   0.008    -1.008143   -.1568497
      knot52 |  -.4072358    .183264    -2.22   0.027    -.7684226    -.046049
      knot53 |   2.061054   .9726918     2.12   0.035      .144019    3.978089
      knot54 |  -2.847078   1.195575    -2.38   0.018    -5.203383   -.4907734
      knot55 |   .5156945   .6489887     0.79   0.428    -.7633684    1.794757
      knot56 |  -.1316976   .5720899    -0.23   0.818    -1.259204    .9958087
      knot57 |   -.480435   .3771123    -1.27   0.204    -1.223669    .2627989
      knot58 |   .3777478   .4920852     0.77   0.444    -.5920811    1.347577
      knot59 |   -.248559   .5720512    -0.43   0.664    -1.375989    .8788711
      knot60 |  -.5542652   .5191514    -1.07   0.287    -1.577437    .4689071
      knot61 |    .436391   .4204556     1.04   0.300    -.3922661    1.265048
      knot62 |  -.9055945   1.436767    -0.63   0.529    -3.737255    1.926066
      knot63 |   2.507686   2.867325     0.87   0.383    -3.143396    8.158768
      knot64 |  -.3583784   5.134095    -0.07   0.944    -10.47694     9.76018
      knot65 |  -1.614024   3.662693    -0.44   0.660    -8.832662    5.604615
      knot66 |   .3300576   .1914964     1.72   0.086    -.0473542    .7074694
      knot67 |  -.1703775    .290483    -0.59   0.558    -.7428774    .4021225
      knot68 |   .4923941   .5397835     0.91   0.363    -.5714411    1.556229
      knot69 |  -.0399442   .7813239    -0.05   0.959    -1.579821    1.499932
      knot70 |   .1634997    .601779     0.27   0.786     -1.02252    1.349519
      knot71 |   .4733682   .2852488     1.66   0.098    -.0888158    1.035552
      knot72 |   .4172473    .648632     0.64   0.521    -.8611125    1.695607
      knot73 |  -1.383822   1.008012    -1.37   0.171    -3.370468    .6028234
      knot74 |   1.492977   .6487399     2.30   0.022     .2144046     2.77155
      knot75 |  -.3347765   .3439888    -0.97   0.332    -1.012729    .3431756
      knot76 |   .6556234   .2420415     2.71   0.007     .1785946    1.132652
      knot77 |  -.0086721    .163035    -0.05   0.958    -.3299905    .3126463
      knot78 |    .472382   .3752007     1.26   0.209    -.2670843    1.211848
      knot79 |   1.384533   7.867699     0.18   0.860    -14.12156    16.89063
       _cons |   .0348581   .0414412     0.84   0.401    -.0468164    .1165327
------------------------------------------------------------------------------

Nonlinear Nonparametric Statistics (NNS) Regression
Dependent variable:   y
Independent variable:  x
Method:               connect
Noise reduction:      mean
Partition:            xonly
Order:                2
Number of obs:        300
R-squared:            0.2093
Root MSE:             0.6363

------------------------------------------------------------------------------
           y | Coefficient  Std. err.      t    P>|t|     [95% conf. interval]
-------------+----------------------------------------------------------------
           x |  -.1821364   .0623634    -2.92   0.004      -.30487   -.0594028
       knot1 |   .1790663   .1037958     1.73   0.086    -.0252077    .3833404
       knot2 |   .0373721   .0965135     0.39   0.699    -.1525702    .2273144
       knot3 |  -.1692526     .10056    -1.68   0.093    -.3671586    .0286534
       _cons |   .5262605   .1461793     3.60   0.000      .238574    .8139469
------------------------------------------------------------------------------

Nonlinear Nonparametric Statistics (NNS) Regression
Dependent variable:   y
Independent variable:  x
Method:               ols
Noise reduction:      mean
Partition:            xonly
Order:                2
Number of obs:        300
R-squared:            0.3389
Root MSE:             0.5858

------------------------------------------------------------------------------
           y | Coefficient  Std. err.      t    P>|t|     [95% conf. interval]
-------------+----------------------------------------------------------------
           x |  -.5136445   .0574102    -8.95   0.000      -.62663    -.400659
       knot1 |   .6311759   .0955518     6.61   0.000     .4431263    .8192255
       knot2 |  -.0196458    .088848    -0.22   0.825    -.1945019    .1552104
       knot3 |  -.4953689   .0925731    -5.35   0.000    -.6775562   -.3131815
       _cons |   1.267177    .134569     9.42   0.000      1.00234    1.532014
------------------------------------------------------------------------------

Nonlinear Nonparametric Statistics (NNS) Regression
Dependent variable:   y
Independent variable:  x
Method:               connect
Noise reduction:      mean
Partition:            xonly
Order:                3
Number of obs:        300
R-squared:            0.2416
Root MSE:             0.6232

------------------------------------------------------------------------------
           y | Coefficient  Std. err.      t    P>|t|     [95% conf. interval]
-------------+----------------------------------------------------------------
           x |   .2922454    .141332     2.07   0.040     .0140987    .5703921
       knot1 |  -.5963357   .1699752    -3.51   0.001    -.9308535    -.261818
       knot2 |   .3788443   .0659362     5.75   0.000     .2490794    .5086093
       knot3 |  -.1442441   .0920613    -1.57   0.118    -.3254243    .0369361
       _cons |   .1180402   .1946481     0.61   0.545    -.2650347    .5011151
------------------------------------------------------------------------------

Nonlinear Nonparametric Statistics (NNS) Regression
Dependent variable:   y
Independent variable:  x
Method:               ols
Noise reduction:      mean
Partition:            xonly
Order:                3
Number of obs:        300
R-squared:            0.3360
Root MSE:             0.5870

------------------------------------------------------------------------------
           y | Coefficient  Std. err.      t    P>|t|     [95% conf. interval]
-------------+----------------------------------------------------------------
           x |    .217557   .1331294     1.63   0.103    -.0444469    .4795608
       knot1 |   -.615197   .1601103    -3.84   0.000    -.9303002   -.3000937
       knot2 |   .5960838   .0621094     9.60   0.000     .4738501    .7183175
       knot3 |  -.6848342   .0867183    -7.90   0.000    -.8554992   -.5141692
       _cons |   .3760916   .1833513     2.05   0.041     .0152494    .7369339
------------------------------------------------------------------------------

Nonlinear Nonparametric Statistics (NNS) Regression
Dependent variable:   y
Independent variable:  x
Method:               connect
Noise reduction:      mean
Partition:            xonly
Order:                4
Number of obs:        300
R-squared:            0.8061
Root MSE:             0.3151

------------------------------------------------------------------------------
           y | Coefficient  Std. err.      t    P>|t|     [95% conf. interval]
-------------+----------------------------------------------------------------
           x |   .7128747   .2075083     3.44   0.001     .3044674    1.121282
       knot1 |  -.7960013    .263313    -3.02   0.003    -1.314241   -.2777619
       knot2 |  -.6881398   .1209875    -5.69   0.000    -.9262613   -.4500183
       knot3 |   .8159394   .1566676     5.21   0.000     .5075941    1.124285
       knot4 |   .6806823   .2160827     3.15   0.002     .2553992    1.105965
       knot5 |  -.5304329   .1495408    -3.55   0.000    -.8247517   -.2361142
       knot6 |  -.6795743   .0695351    -9.77   0.000    -.8164297   -.5427188
       knot7 |   .9853722   .1216422     8.10   0.000     .7459623    1.224782
       _cons |   .0412692   .1410028     0.29   0.770    -.2362455    .3187839
------------------------------------------------------------------------------

Nonlinear Nonparametric Statistics (NNS) Regression
Dependent variable:   y
Independent variable:  x
Method:               ols
Noise reduction:      mean
Partition:            xonly
Order:                4
Number of obs:        300
R-squared:            0.9422
Root MSE:             0.1744

------------------------------------------------------------------------------
           y | Coefficient  Std. err.      t    P>|t|     [95% conf. interval]
-------------+----------------------------------------------------------------
           x |   1.165008   .1148109    10.15   0.000      .939043    1.390973
       knot1 |  -1.360728   .1456867    -9.34   0.000    -1.647461   -1.073995
       knot2 |  -.7720401   .0669404   -11.53   0.000    -.9037888   -.6402913
       knot3 |    .961476   .0866816    11.09   0.000     .7908736    1.132078
       knot4 |   1.405417    .119555    11.76   0.000     1.170115    1.640719
       knot5 |  -1.271658   .0827385   -15.37   0.000    -1.434499   -1.108816
       knot6 |  -.9918928   .0384726   -25.78   0.000    -1.067613    -.916173
       knot7 |   1.914774   .0673026    28.45   0.000     1.782312    2.047236
       _cons |  -.0678688   .0780146    -0.87   0.385    -.2214132    .0856755
------------------------------------------------------------------------------

Nonlinear Nonparametric Statistics (NNS) Regression
Dependent variable:   y
Independent variable:  x
Method:               connect
Noise reduction:      mean
Partition:            xonly
Order:                5
Number of obs:        300
R-squared:            0.9676
Root MSE:             0.1287

------------------------------------------------------------------------------
           y | Coefficient  Std. err.      t    P>|t|     [95% conf. interval]
-------------+----------------------------------------------------------------
           x |   .8557834   .2490951     3.44   0.001     .3654984    1.346068
       knot1 |  -.3640982   .2822398    -1.29   0.198    -.9196207    .1914244
       knot2 |  -.9076493   .0934572    -9.71   0.000    -1.091598   -.7237008
       knot3 |  -.4979839    .079866    -6.24   0.000    -.6551812   -.3407866
       knot4 |   .4720154    .085903     5.49   0.000     .3029355    .6410952
       knot5 |    .898619   .0878928    10.22   0.000     .7256227    1.071615
       knot6 |   .4021255   .0778259     5.17   0.000     .2489437    .5553073
       knot7 |  -.6534883   .0763175    -8.56   0.000    -.8037013   -.5032754
       knot8 |  -.9403407   .0769032   -12.23   0.000    -1.091707   -.7889748
       knot9 |  -.0153681    .074013    -0.21   0.836    -.1610452    .1303089
      knot10 |   1.048287   .0717966    14.60   0.000     .9069728    1.189602
      knot11 |   .6180793   .1858087     3.33   0.001     .2523587    .9837999
       _cons |   .0317646   .0886459     0.36   0.720    -.1427141    .2062432
------------------------------------------------------------------------------

Nonlinear Nonparametric Statistics (NNS) Regression
Dependent variable:   y
Independent variable:  x
Method:               ols
Noise reduction:      mean
Partition:            xonly
Order:                5
Number of obs:        300
R-squared:            0.9929
Root MSE:             0.0617

------------------------------------------------------------------------------
           y | Coefficient  Std. err.      t    P>|t|     [95% conf. interval]
-------------+----------------------------------------------------------------
           x |   .9766306   .1193951     8.18   0.000     .7416295    1.211632
       knot1 |  -.3674379   .1352819    -2.72   0.007    -.6337083   -.1011674
       knot2 |  -1.108932   .0447955   -24.76   0.000    -1.197101   -1.020762
       knot3 |   -.524005    .038281   -13.69   0.000    -.5993521    -.448658
       knot4 |   .5208721   .0411746    12.65   0.000     .4398295    .6019146
       knot5 |   .9977961   .0421284    23.68   0.000     .9148763    1.080716
       knot6 |   .5243454   .0373031    14.06   0.000      .450923    .5977678
       knot7 |   -.781654   .0365801   -21.37   0.000    -.8536533   -.7096546
       knot8 |  -1.141821   .0368609   -30.98   0.000    -1.214373   -1.069269
       knot9 |  -.0179052   .0354755    -0.50   0.614    -.0877304      .05192
      knot10 |   1.253613   .0344132    36.43   0.000     1.185878    1.321347
      knot11 |   .9908858    .089061    11.13   0.000     .8155903    1.166181
       _cons |   .0163208   .0424894     0.38   0.701    -.0673095    .0999511
------------------------------------------------------------------------------

. 
. // Clustered sharp dip inspired by NNS segmentation examples
. clear

. set obs 260
Number of observations (_N) was 0, now 260.

. gen mix = runiform()

. gen x = cond(mix < .45, rnormal(22, 3), cond(mix < .75, rnormal(36, 2.2), rno
> rmal(58, 4)))

. replace x = max(5, min(70, x))
(0 real changes made)

. gen true = 18 + .18*x + 10*exp(-((x-24)^2)/35) - 16*exp(-((x-35)^2)/18) + 8*e
> xp(-((x-58)^2)/50)

. gen y = true + rnormal(0, 1.2)

. _run_models, scenario("clustered_peak_dip") xvar(x) yvar(y) truevar(true)

      Source |       SS           df       MS      Number of obs   =       260
-------------+----------------------------------   F(1, 258)       =     10.05
       Model |  871.447788         1  871.447788   Prob > F        =    0.0017
    Residual |  22374.1559       258  86.7215347   R-squared       =    0.0375
-------------+----------------------------------   Adj R-squared   =    0.0338
       Total |  23245.6037       259  89.7513658   Root MSE        =    9.3124

------------------------------------------------------------------------------
           y | Coefficient  Std. err.      t    P>|t|     [95% conf. interval]
-------------+----------------------------------------------------------------
           x |   .1235556   .0389767     3.17   0.002     .0468026    .2003086
       _cons |   21.80505    1.48033    14.73   0.000     18.88998    24.72012
------------------------------------------------------------------------------

Nonlinear Nonparametric Statistics (NNS) Regression
Dependent variable:   y
Independent variable:  x
Method:               connect
Noise reduction:      mean
Partition:            xy
Order:                2
Number of obs:        260
R-squared:            0.8313
Root MSE:             3.8916

------------------------------------------------------------------------------
           y | Coefficient  Std. err.      t    P>|t|     [95% conf. interval]
-------------+----------------------------------------------------------------
           x |   1.218173   .2240672     5.44   0.000     .7768988    1.659448
       knot1 |  -4.492546   .4746681    -9.46   0.000     -5.42735   -3.557741
       knot2 |    2.33755   .6015275     3.89   0.000     1.152911    3.522189
       knot3 |    .954237   .6511426     1.47   0.144    -.3281133    2.236587
       knot4 |    1.04284   .3683887     2.83   0.005     .3173404    1.768339
       knot5 |  -1.367731   .2854936    -4.79   0.000    -1.929978   -.8054844
       _cons |   2.975363   4.666879     0.64   0.524    -6.215518    12.16624
------------------------------------------------------------------------------

Nonlinear Nonparametric Statistics (NNS) Regression
Dependent variable:   y
Independent variable:  x
Method:               ols
Noise reduction:      mean
Partition:            xy
Order:                2
Number of obs:        260
R-squared:            0.9664
Root MSE:             1.7567

------------------------------------------------------------------------------
           y | Coefficient  Std. err.      t    P>|t|     [95% conf. interval]
-------------+----------------------------------------------------------------
           x |    1.38583   .1011437    13.70   0.000     1.186639    1.585021
       knot1 |  -1.386563   .2142648    -6.47   0.000    -1.808533   -.9645932
       knot2 |  -4.467189    .271529   -16.45   0.000    -5.001934   -3.932444
       knot3 |   5.052414   .2939252    17.19   0.000     4.473562    5.631266
       knot4 |    .633273   .1662904     3.81   0.000     .3057833    .9607627
       knot5 |  -2.011272   .1288716   -15.61   0.000     -2.26507   -1.757474
       _cons |   .5188405   2.106625     0.25   0.806    -3.629915    4.667596
------------------------------------------------------------------------------

Nonlinear Nonparametric Statistics (NNS) Regression
Dependent variable:   y
Independent variable:  x
Method:               connect
Noise reduction:      mean
Partition:            xy
Order:                3
Number of obs:        260
R-squared:            0.9778
Root MSE:             1.4130

------------------------------------------------------------------------------
           y | Coefficient  Std. err.      t    P>|t|     [95% conf. interval]
-------------+----------------------------------------------------------------
           x |   1.364297   .2341961     5.83   0.000     .9030023    1.825592
       knot1 |   .3552041   .4346801     0.82   0.415    -.5009827    1.211391
       knot2 |  -1.290019   .4189975    -3.08   0.002    -2.115316   -.4647225
       knot3 |  -1.454457   .3673454    -3.96   0.000    -2.178015   -.7308992
       knot4 |  -1.486862   .2998342    -4.96   0.000    -2.077444   -.8962802
       knot5 |   .3339541   .4764135     0.70   0.484    -.6044346    1.272343
       knot6 |   2.723664   1.107476     2.46   0.015     .5422754    4.905053
       knot7 |   .3502925   1.614897     0.22   0.828    -2.830559    3.531144
       knot8 |    2.22988   1.242477     1.79   0.074    -.2174194    4.677179
       knot9 |   -1.75002   .4381183    -3.99   0.000    -2.612979   -.8870611
      knot10 |  -.5322457   .2589258    -2.06   0.041     -1.04225   -.0222411
      knot11 |  -.8034358   .2694943    -2.98   0.003    -1.334257   -.2726146
      knot12 |  -.8085674   .3624696    -2.23   0.027    -1.522522   -.0946133
      knot13 |   .4575577   .9746193     0.47   0.639    -1.462144    2.377259
       _cons |   .7573165    4.29455     0.18   0.860    -7.701632    9.216265
------------------------------------------------------------------------------

Nonlinear Nonparametric Statistics (NNS) Regression
Dependent variable:   y
Independent variable:  x
Method:               ols
Noise reduction:      mean
Partition:            xy
Order:                3
Number of obs:        260
R-squared:            0.9848
Root MSE:             1.2026

------------------------------------------------------------------------------
           y | Coefficient  Std. err.      t    P>|t|     [95% conf. interval]
-------------+----------------------------------------------------------------
           x |   1.463232   .1993233     7.34   0.000     1.070626    1.855838
       knot1 |   .0062941   .3699544     0.02   0.986    -.7224029    .7349911
       knot2 |  -.6500006    .356607    -1.82   0.070    -1.352407    .0524061
       knot3 |  -1.437643   .3126462    -4.60   0.000     -2.05346   -.8218258
       knot4 |  -2.545301   .2551877    -9.97   0.000    -3.047942   -2.042659
       knot5 |   1.374489   .4054735     3.39   0.001       .57583    2.173147
       knot6 |   4.144106   .9425682     4.40   0.000     2.287535    6.000677
       knot7 |  -2.060205   1.374432    -1.50   0.135    -4.767414    .6470051
       knot8 |   3.626029   1.057467     3.43   0.001     1.543143    5.708915
       knot9 |  -2.898887   .3728807    -7.77   0.000    -3.633348   -2.164427
      knot10 |   .0668212   .2203707     0.30   0.762    -.3672415     .500884
      knot11 |   -.729361   .2293654    -3.18   0.002    -1.181141   -.2775813
      knot12 |   -1.08271   .3084963    -3.51   0.001    -1.690353   -.4750666
      knot13 |  -.4513389   .8294944    -0.54   0.587    -2.085189    1.182511
       _cons |  -.9140596   3.655073    -0.25   0.803    -8.113435    6.285316
------------------------------------------------------------------------------

Nonlinear Nonparametric Statistics (NNS) Regression
Dependent variable:   y
Independent variable:  x
Method:               connect
Noise reduction:      mean
Partition:            xy
Order:                4
Number of obs:        260
R-squared:            0.9668
Root MSE:             1.7259

------------------------------------------------------------------------------
           y | Coefficient  Std. err.      t    P>|t|     [95% conf. interval]
-------------+----------------------------------------------------------------
           x |   .9690437     .74472     1.30   0.195    -.4984042    2.436492
       knot1 |   2.044785   1.798882     1.14   0.257    -1.499858    5.589428
       knot2 |  -4.531682   2.057015    -2.20   0.029    -8.584968   -.4783971
       knot3 |   5.095401   2.233633     2.28   0.023     .6940947    9.496707
       knot4 |  -.9508039   3.391056    -0.28   0.779    -7.632777    5.731169
       knot5 |   1.845787   6.384361     0.29   0.773     -10.7344    14.42598
       knot6 |  -2.293396   7.718159    -0.30   0.767    -17.50179      12.915
       knot7 |  -22.45324   17.53282    -1.28   0.202    -57.00113    12.09465
       knot8 |   20.97578    15.6567     1.34   0.182    -9.875266    51.82682
       knot9 |    6.87636   5.237783     1.31   0.191    -3.444533    17.19725
      knot10 |  -7.492768   4.504862    -1.66   0.098    -16.36946    1.383924
      knot11 |  -5.298806   3.451358    -1.54   0.126     -12.0996     1.50199
      knot12 |    3.89867   3.745433     1.04   0.299    -3.481592    11.27893
      knot13 |  -1.196967   .8650259    -1.38   0.168    -2.901474    .5075401
      knot14 |   20.81961   3.672582     5.67   0.000      13.5829    28.05632
      knot15 |   -43.9691   7.735984    -5.68   0.000    -59.21262   -28.72558
      knot16 |   21.23374   8.917096     2.38   0.018     3.662876    38.80461
      knot17 |   4.378876   5.423443     0.81   0.420    -6.307854    15.06561
      knot18 |   5.718503   4.046033     1.41   0.159    -2.254082    13.69109
      knot19 |  -5.688644   3.735467    -1.52   0.129    -13.04927    1.671979
      knot20 |   3.465577   2.078167     1.67   0.097    -.6293869    7.560541
      knot21 |   3.194716   2.117582     1.51   0.133    -.9779154    7.367347
      knot22 |  -6.716962   2.332021    -2.88   0.004    -11.31214   -2.121785
      knot23 |   1.025474   1.414637     0.72   0.469    -1.762025    3.812974
      knot24 |   2.925757   2.125454     1.38   0.170    -1.262386      7.1139
      knot25 |  -2.673877   2.771793    -0.96   0.336     -8.13561    2.787856
      knot26 |  -1.249429   1.580004    -0.79   0.430    -4.362779    1.863921
      knot27 |   -1.55978   2.261329    -0.69   0.491     -6.01566      2.8961
      knot28 |   2.314208   2.018436     1.15   0.253    -1.663058    6.291475
      knot29 |  -3.429152   2.521274    -1.36   0.175    -8.397245    1.538941
      knot30 |   1.675617   2.595375     0.65   0.519    -3.438489    6.789724
      knot31 |     .73594   1.732509     0.42   0.671    -2.677916    4.149796
       _cons |   7.451549   12.43247     0.60   0.550    -17.04625    31.94935
------------------------------------------------------------------------------

Nonlinear Nonparametric Statistics (NNS) Regression
Dependent variable:   y
Independent variable:  x
Method:               ols
Noise reduction:      mean
Partition:            xy
Order:                4
Number of obs:        260
R-squared:            0.9860
Root MSE:             1.1956

------------------------------------------------------------------------------
           y | Coefficient  Std. err.      t    P>|t|     [95% conf. interval]
-------------+----------------------------------------------------------------
           x |   .7839187   .5159172     1.52   0.130    -.2326805    1.800518
       knot1 |   2.332779   1.246206     1.87   0.063    -.1228316     4.78839
       knot2 |  -2.660865   1.425032    -1.87   0.063    -5.468847    .1471158
       knot3 |   1.402653   1.547387     0.91   0.366    -1.646425    4.451731
       knot4 |  -1.279198   2.349211    -0.54   0.587    -5.908247     3.34985
       knot5 |   3.567992   4.422873     0.81   0.421    -5.147144    12.28313
       knot6 |  -3.623772   5.346884    -0.68   0.499    -14.15964    6.912099
       knot7 |   -5.16486   12.14616    -0.43   0.671    -29.09849    18.76877
       knot8 |    6.84541   10.84644     0.63   0.529    -14.52717    28.21799
       knot9 |  -3.645116   3.628562    -1.00   0.316    -10.79509    3.504855
      knot10 |   1.697273   3.120818     0.54   0.587    -4.452204     7.84675
      knot11 |  -3.612562   2.390986    -1.51   0.132    -8.323927    1.098803
      knot12 |   3.159634   2.594711     1.22   0.225    -1.953166    8.272434
      knot13 |  -2.932257   .5992612    -4.89   0.000    -4.113083   -1.751431
      knot14 |   .9689401   2.544242     0.38   0.704    -4.044412    5.982292
      knot15 |   -4.72612   5.359233    -0.88   0.379    -15.28633    5.834084
      knot16 |   8.697269   6.177468     1.41   0.161    -3.475243    20.86978
      knot17 |  -1.273348   3.757181    -0.34   0.735    -8.676759    6.130063
      knot18 |   1.495347   2.802957     0.53   0.594    -4.027795    7.018489
      knot19 |  -1.155014   2.587807    -0.45   0.656    -6.254209    3.944181
      knot20 |   2.374581   1.439685     1.65   0.100    -.4622735    5.211436
      knot21 |   .7876941   1.466991     0.54   0.592    -2.102966    3.678354
      knot22 |  -1.164431   1.615547    -0.72   0.472    -4.347817    2.018955
      knot23 |  -2.007952   .9800138    -2.05   0.042    -3.939039   -.0768647
      knot24 |   1.326966   1.472444     0.90   0.368     -1.57444    4.228372
      knot25 |  -1.031668   1.920206    -0.54   0.592    -4.815375    2.752039
      knot26 |   -.769644   1.094574    -0.70   0.483    -2.926469    1.387181
      knot27 |  -1.269776   1.566574    -0.81   0.418    -4.356661     1.81711
      knot28 |   1.113129   1.398305     0.80   0.427    -1.642188    3.868447
      knot29 |  -1.728344   1.746655    -0.99   0.323    -5.170074    1.713386
      knot30 |   .7882468   1.797989     0.44   0.662    -2.754636     4.33113
      knot31 |  -.4850324   1.200225    -0.40   0.687    -2.850038    1.879973
       _cons |   10.05861   8.612801     1.17   0.244    -6.912653    27.02987
------------------------------------------------------------------------------

Nonlinear Nonparametric Statistics (NNS) Regression
Dependent variable:   y
Independent variable:  x
Method:               connect
Noise reduction:      mean
Partition:            xy
Order:                5
Number of obs:        260
R-squared:            0.9692
Root MSE:             1.6634

------------------------------------------------------------------------------
           y | Coefficient  Std. err.      t    P>|t|     [95% conf. interval]
-------------+----------------------------------------------------------------
           x |  -.6810485   3.255203    -0.21   0.834    -7.101388    5.739291
       knot1 |   3.659657    5.02779     0.73   0.468    -6.256813    13.57613
       knot2 |  -14.80683   8.455103    -1.75   0.081     -31.4831    1.869436
       knot3 |   15.87349   9.133533     1.74   0.084     -2.14087    33.88784
       knot4 |    5.71199   11.30922     0.51   0.614    -16.59355    28.01753
       knot5 |  -11.27511   10.08754    -1.12   0.265    -31.17108    8.620864
       knot6 |   10.58989   15.62458     0.68   0.499    -20.22696    41.40674
       knot7 |   52.91131   176.2935     0.30   0.764     -294.798    400.6207
       knot8 |  -63.03911   162.1938    -0.39   0.698    -382.9391    256.8609
       knot9 |   247.5258   58.70218     4.22   0.000     131.7456     363.306
      knot10 |  -275.5607          .        .       .            .           .
      knot11 |   39.02962   70.20553     0.56   0.579    -99.43897    177.4982
      knot12 |  -7.759781   14.42139    -0.54   0.591    -36.20354    20.68397
      knot13 |  -22.45324   18.72367    -1.20   0.232    -59.38253    14.47605
      knot14 |   20.10549   18.35272     1.10   0.275    -16.09217    56.30314
      knot15 |   20.16875   33.78593     0.60   0.551    -46.46831    86.80581
      knot16 |   78.01982   52.21322     1.49   0.137    -24.96196    181.0016
      knot17 |  -77.10218          .        .       .            .           .
      knot18 |  -25.74487   24.77552    -1.04   0.300    -74.61041    23.12066
      knot19 |   1.823289   12.36119     0.15   0.883    -22.55709    26.20366
      knot20 |   8.195546   16.42401     0.50   0.618    -24.19806    40.58915
      knot21 |   6.341729   31.81953     0.20   0.842    -56.41693    69.10039
      knot22 |  -12.72037   25.15051    -0.51   0.614    -62.32552    36.88478
      knot23 |   4.997392   11.04245     0.45   0.651    -16.78197    26.77676
      knot24 |  -9.130062   14.13261    -0.65   0.519    -37.00425    18.74412
      knot25 |  -1.040073   14.41571    -0.07   0.943    -29.47264    27.39249
      knot26 |   8.359889   13.54067     0.62   0.538    -18.34679    35.06657
      knot27 |   10.52395   27.45501     0.38   0.702    -43.62643    64.67434
      knot28 |  -16.88026   27.79217    -0.61   0.544    -71.69563    37.93512
      knot29 |   .0141427   5.920972     0.00   0.998    -11.66398    11.69226
      knot30 |    1.83008   3.333197     0.55   0.584    -4.744091     8.40425
      knot31 |   20.81961    3.70338     5.62   0.000     13.51532     28.1239
      knot32 |  -62.01164   9.265683    -6.69   0.000    -80.28664   -43.73664
      knot33 |   55.16629   21.23119     2.60   0.010     13.29135    97.04123
      knot34 |   17.64727          .        .       .            .           .
      knot35 |  -31.60461   19.75809    -1.60   0.111    -70.57411    7.364895
      knot36 |  -.2056227   11.05936    -0.02   0.985    -22.01835     21.6071
      knot37 |   4.823399   14.36074     0.34   0.737    -23.50075    33.14755
      knot38 |  -12.95772   24.60639    -0.53   0.599    -61.48969    35.57425
      knot39 |   98.40962   100.4318     0.98   0.328     -99.6751    296.4944
      knot40 |  -83.21936   96.88307    -0.86   0.391    -274.3049    107.8662
      knot41 |  -12.88084   37.00623    -0.35   0.728     -85.8694    60.10772
      knot42 |    .517331   26.69533     0.02   0.985    -52.13471    53.16937
      knot43 |   84.70313   75.10796     1.13   0.261    -63.43467    232.8409
      knot44 |  -109.3493   172.1996    -0.64   0.526     -448.984    230.2855
      knot45 |   33.70897   105.0629     0.32   0.749    -173.5099    240.9279
      knot46 |   2.782754   3.765766     0.74   0.461    -4.644586    10.21009
      knot47 |  -.0379444   6.171529    -0.01   0.995    -12.21025    12.13436
      knot48 |  -2.373768   7.780105    -0.31   0.761    -17.71872    12.97118
      knot49 |   8.186995   7.104902     1.15   0.251    -5.826229    22.20022
      knot50 |  -16.93491   15.27169    -1.11   0.269    -47.05575    13.18594
      knot51 |   23.36429   25.33536     0.92   0.358    -26.60544    73.33402
      knot52 |  -15.30591   13.51555    -1.13   0.259    -41.96306    11.35124
      knot53 |   .0782099   .8264366     0.09   0.925    -1.551797    1.708217
      knot54 |   1.342366   1.533861     0.88   0.383    -1.682916    4.367648
      knot55 |  -.6722708   2.973217    -0.23   0.821     -6.53644    5.191899
      knot56 |  -3.728174   5.129708    -0.73   0.468    -13.84566    6.389312
      knot57 |   5.668617   5.456875     1.04   0.300    -5.094151    16.43138
      knot58 |  -3.880725   3.696123    -1.05   0.295    -11.17071    3.409255
      knot59 |    3.15307   7.738925     0.41   0.684    -12.11066     18.4168
      knot60 |  -2.869182   8.307129    -0.35   0.730    -19.25359    13.51523
      knot61 |  -2.288463   4.571132    -0.50   0.617    -11.30425    6.727324
      knot62 |   6.519435   8.954493     0.73   0.467     -11.1418    24.18067
      knot63 |  -4.332327   8.256378    -0.52   0.600    -20.61664    11.95199
      knot64 |   10.78848   7.892588     1.37   0.173     -4.77832    26.35528
      knot65 |  -36.18017          .        .       .            .           .
      knot66 |   25.62994   8.143218     3.15   0.002     9.568814    41.69107
      knot67 |   2.339045   5.157226     0.45   0.651    -7.832714     12.5108
      knot68 |  -4.204024   5.257473    -0.80   0.425     -14.5735    6.165457
      knot69 |   1.589177   2.368717     0.67   0.503    -3.082718    6.261071
       _cons |   33.29995    51.2036     0.65   0.516    -67.69053    134.2904
------------------------------------------------------------------------------

Nonlinear Nonparametric Statistics (NNS) Regression
Dependent variable:   y
Independent variable:  x
Method:               ols
Noise reduction:      mean
Partition:            xy
Order:                5
Number of obs:        260
R-squared:            0.9878
Root MSE:             1.2129

------------------------------------------------------------------------------
           y | Coefficient  Std. err.      t    P>|t|     [95% conf. interval]
-------------+----------------------------------------------------------------
           x |  -2.757224   2.373623    -1.16   0.247    -7.438797    1.924348
       knot1 |   5.399423   3.666156     1.47   0.142    -1.831452     12.6303
       knot2 |  -1.563244   6.165278    -0.25   0.800    -13.72322    10.59673
       knot3 |   3.012677   6.659974     0.45   0.652      -10.123    16.14836
       knot4 |  -7.462209    8.24644    -0.90   0.367    -23.72692    8.802506
       knot5 |    4.45513   7.355614     0.61   0.545    -10.05258    18.96284
       knot6 |  -10.22722    11.3931    -0.90   0.370    -32.69819    12.24376
       knot7 |      156.8   128.5494     1.22   0.224    -96.74209    410.3421
       knot8 |  -147.0291   118.2682    -1.24   0.215    -380.2932    86.23503
       knot9 |    24.3411   42.80436     0.57   0.570    -60.08329    108.7655
      knot10 |          0  (omitted)
      knot11 |  -25.10221   51.19235    -0.49   0.624    -126.0705    75.86609
      knot12 |   .9958342   10.51576     0.09   0.925    -19.74474     21.7364
      knot13 |  -9.506427   13.65289    -0.70   0.487    -36.43446    17.42161
      knot14 |   12.05805   13.38241     0.90   0.369    -14.33649     38.4526
      knot15 |  -4.945192   24.63597    -0.20   0.841    -53.53549    43.64511
      knot16 |   5.696965   38.07275     0.15   0.881    -69.39512    80.78905
      knot17 |          0  (omitted)
      knot18 |  -5.275898   18.06577    -0.29   0.771    -40.90759    30.35579
      knot19 |   5.465064   9.013515     0.61   0.545    -12.31258     23.2427
      knot20 |  -13.59227   11.97603    -1.13   0.258    -37.21298    10.02844
      knot21 |   39.81058   23.20211     1.72   0.088    -5.951672    85.57283
      knot22 |  -30.80503   18.33921    -1.68   0.095    -66.97603    5.365962
      knot23 |  -2.965187   8.051912    -0.37   0.713    -18.84623    12.91585
      knot24 |    3.14726   10.30519     0.31   0.760    -17.17799    23.47251
      knot25 |     3.1676   10.51163     0.30   0.763    -17.56481    23.90001
      knot26 |  -4.046211   9.873559    -0.41   0.682    -23.52015    15.42772
      knot27 |  -28.48944    20.0196    -1.42   0.156    -67.97472    10.99585
      knot28 |    35.4037   20.26545     1.75   0.082    -4.566489    75.37388
      knot29 |  -10.63438   4.317444    -2.46   0.015    -19.14982   -2.118953
      knot30 |   1.618421   2.430495     0.67   0.506    -3.175321    6.412164
      knot31 |   1.010685   2.700424     0.37   0.709    -4.315447    6.336818
      knot32 |   -7.28297   6.756335    -1.08   0.282     -20.6087    6.042763
      knot33 |   14.19723   15.48132     0.92   0.360    -16.33706    44.73153
      knot34 |          0  (omitted)
      knot35 |  -4.954165   14.40717    -0.34   0.731    -33.36988    23.46155
      knot36 |  -.7447881   8.064244    -0.09   0.927    -16.65015    15.16058
      knot37 |  -.4561077   10.47154    -0.04   0.965    -21.10946    20.19725
      knot38 |  -.0334961   17.94245    -0.00   0.999    -35.42196    35.35496
      knot39 |   72.90582   73.23266     1.00   0.321    -71.53327    217.3449
      knot40 |  -77.71223   70.64504    -1.10   0.273    -217.0477    61.62321
      knot41 |   9.593064   26.98414     0.36   0.723    -43.62861    62.81474
      knot42 |  -3.992998   19.46565    -0.21   0.838    -42.38572    34.39973
      knot43 |    55.9665   54.76709     1.02   0.308    -52.05238    163.9854
      knot44 |  -118.3175   125.5642    -0.94   0.347    -365.9718    129.3368
      knot45 |   63.58124   76.60959     0.83   0.408    -87.51828    214.6808
      knot46 |   2.981684   2.745915     1.09   0.279    -2.434171     8.39754
      knot47 |   -.511634   4.500145    -0.11   0.910    -9.387412    8.364144
      knot48 |  -1.873492   5.673084    -0.33   0.742     -13.0627    9.315711
      knot49 |   5.703301   5.180741     1.10   0.272    -4.514838    15.92144
      knot50 |   -12.4964   11.13579    -1.12   0.263    -34.45986    9.467069
      knot51 |   19.33977   18.47399     1.05   0.296    -17.09707    55.77662
      knot52 |  -12.80992   9.855247    -1.30   0.195    -32.24774    6.627897
      knot53 |  -.2005995   .6026197    -0.33   0.740    -1.389165    .9879663
      knot54 |   .2823916   1.118458     0.25   0.801    -1.923578    2.488362
      knot55 |   .3437891   2.168005     0.16   0.874    -3.932236    4.619814
      knot56 |  -.5021949   3.740472    -0.13   0.893    -7.879646    6.875256
      knot57 |   .2313731   3.979035     0.06   0.954    -7.616604     8.07935
      knot58 |  -.4937023   2.695133    -0.18   0.855    -5.809398    4.821993
      knot59 |   2.287297   5.643056     0.41   0.686    -8.842682    13.41728
      knot60 |   -5.39947   6.057378    -0.89   0.374    -17.34663    6.547688
      knot61 |   1.731291    3.33317     0.52   0.604    -4.842826    8.305408
      knot62 |   4.671175   6.529422     0.72   0.475    -8.207011    17.54936
      knot63 |  -3.939048   6.020372    -0.65   0.514    -15.81322    7.935122
      knot64 |  -5.286077   5.755104    -0.92   0.360    -16.63705    6.064897
      knot65 |          0  (omitted)
      knot66 |   5.046091   5.937858     0.85   0.396    -6.665335    16.75752
      knot67 |  -1.149288   3.760537    -0.31   0.760    -8.566315    6.267738
      knot68 |    .559074   3.833635     0.15   0.884    -7.002126    8.120274
      knot69 |  -.3794701   1.727217    -0.22   0.826    -3.786114    3.027174
       _cons |    65.5971   37.33655     1.76   0.081    -8.042963    139.2372
------------------------------------------------------------------------------

Nonlinear Nonparametric Statistics (NNS) Regression
Dependent variable:   y
Independent variable:  x
Method:               connect
Noise reduction:      mean
Partition:            xonly
Order:                2
Number of obs:        260
R-squared:            0.6161
Root MSE:             5.8697

------------------------------------------------------------------------------
           y | Coefficient  Std. err.      t    P>|t|     [95% conf. interval]
-------------+----------------------------------------------------------------
           x |   .6569997    .263324     2.50   0.013      .138433    1.175566
       knot1 |  -1.355859   .3266465    -4.15   0.000    -1.999127   -.7125906
       knot2 |   1.173861   .2389764     4.91   0.000     .7032417    1.644479
       knot3 |   .1362776   .3722951     0.37   0.715    -.5968871    .8694423
       _cons |   11.83148   5.683296     2.08   0.038     .6393034    23.02365
------------------------------------------------------------------------------

Nonlinear Nonparametric Statistics (NNS) Regression
Dependent variable:   y
Independent variable:  x
Method:               ols
Noise reduction:      mean
Partition:            xonly
Order:                2
Number of obs:        260
R-squared:            0.9567
Root MSE:             1.9872

------------------------------------------------------------------------------
           y | Coefficient  Std. err.      t    P>|t|     [95% conf. interval]
-------------+----------------------------------------------------------------
           x |   1.493974   .0891506    16.76   0.000     1.318409    1.669539
       knot1 |  -3.491198    .110589   -31.57   0.000    -3.708982   -3.273414
       knot2 |   4.043344   .0809075    49.97   0.000     3.884012    4.202676
       knot3 |  -1.979854   .1260437   -15.71   0.000    -2.228073   -1.731635
       _cons |  -1.602652   1.924129    -0.83   0.406    -5.391859    2.186555
------------------------------------------------------------------------------

Nonlinear Nonparametric Statistics (NNS) Regression
Dependent variable:   y
Independent variable:  x
Method:               connect
Noise reduction:      mean
Partition:            xonly
Order:                3
Number of obs:        260
R-squared:            0.6141
Root MSE:             5.8854

------------------------------------------------------------------------------
           y | Coefficient  Std. err.      t    P>|t|     [95% conf. interval]
-------------+----------------------------------------------------------------
           x |   1.395102   .4952693     2.82   0.005     .4197627    2.370441
       knot1 |   -2.31132   .5456884    -4.24   0.000     -3.38595    -1.23669
       knot2 |   1.546935   .1445665    10.70   0.000     1.262239    1.831631
       knot3 |  -.9058262   .4071102    -2.23   0.027    -1.707553   -.1040998
       _cons |   .2325782   9.913631     0.02   0.981    -19.29044     19.7556
------------------------------------------------------------------------------

Nonlinear Nonparametric Statistics (NNS) Regression
Dependent variable:   y
Independent variable:  x
Method:               ols
Noise reduction:      mean
Partition:            xonly
Order:                3
Number of obs:        260
R-squared:            0.8498
Root MSE:             3.7005

------------------------------------------------------------------------------
           y | Coefficient  Std. err.      t    P>|t|     [95% conf. interval]
-------------+----------------------------------------------------------------
           x |   3.494471   .3114079    11.22   0.000     2.881212     4.10773
       knot1 |  -5.710081   .3431096   -16.64   0.000     -6.38577   -5.034391
       knot2 |   3.279448   .0908983    36.08   0.000     3.100441    3.458455
       knot3 |  -1.585105   .2559765    -6.19   0.000    -2.089202   -1.081008
       _cons |  -37.25975   6.233342    -5.98   0.000    -49.53514   -24.98437
------------------------------------------------------------------------------

Nonlinear Nonparametric Statistics (NNS) Regression
Dependent variable:   y
Independent variable:  x
Method:               connect
Noise reduction:      mean
Partition:            xonly
Order:                4
Number of obs:        260
R-squared:            0.9538
Root MSE:             2.0369

------------------------------------------------------------------------------
           y | Coefficient  Std. err.      t    P>|t|     [95% conf. interval]
-------------+----------------------------------------------------------------
           x |   1.436187   .3629505     3.96   0.000     .7213709    2.151004
       knot1 |  -.1324785   .5078772    -0.26   0.794    -1.132722    .8677655
       knot2 |  -1.465743   .3534569    -4.15   0.000    -2.161863    -.769624
       knot3 |  -2.869443   .3464182    -8.28   0.000      -3.5517   -2.187187
       knot4 |    2.43329   .3863076     6.30   0.000     1.672472    3.194107
       knot5 |   1.797276    .207206     8.67   0.000     1.389192    2.205361
       knot6 |  -1.048459   .1422417    -7.37   0.000    -1.328598   -.7683194
       knot7 |  -.9335764   .4095832    -2.28   0.023    -1.740234   -.1269186
       _cons |  -.3894761   6.622352    -0.06   0.953    -13.43193    12.65298
------------------------------------------------------------------------------

Nonlinear Nonparametric Statistics (NNS) Regression
Dependent variable:   y
Independent variable:  x
Method:               ols
Noise reduction:      mean
Partition:            xonly
Order:                4
Number of obs:        260
R-squared:            0.9655
Root MSE:             1.7886

------------------------------------------------------------------------------
           y | Coefficient  Std. err.      t    P>|t|     [95% conf. interval]
-------------+----------------------------------------------------------------
           x |   1.511525   .3186943     4.74   0.000     .8838695    2.139181
       knot1 |   -.168208   .4459494    -0.38   0.706    -1.046488    .7100716
       knot2 |  -.8282658   .3103583    -2.67   0.008    -1.439504   -.2170275
       knot3 |  -4.271632   .3041778   -14.04   0.000    -4.870698   -3.672566
       knot4 |   3.144921   .3392034     9.27   0.000     2.476874    3.812969
       knot5 |   1.939692   .1819404    10.66   0.000     1.581368    2.298017
       knot6 |  -1.237246   .1248975    -9.91   0.000    -1.483227   -.9912655
       knot7 |  -1.138609   .3596408    -3.17   0.002    -1.846908    -.430311
       _cons |  -1.742987   5.814859    -0.30   0.765    -13.19512    9.709145
------------------------------------------------------------------------------

Nonlinear Nonparametric Statistics (NNS) Regression
Dependent variable:   y
Independent variable:  x
Method:               connect
Noise reduction:      mean
Partition:            xonly
Order:                5
Number of obs:        260
R-squared:            0.9752
Root MSE:             1.4907

------------------------------------------------------------------------------
           y | Coefficient  Std. err.      t    P>|t|     [95% conf. interval]
-------------+----------------------------------------------------------------
           x |   1.180109   .5009071     2.36   0.019     .1935155    2.166703
       knot1 |   .2053734   .6793828     0.30   0.763    -1.132749    1.543496
       knot2 |  -.1549443   .4532554    -0.34   0.733    -1.047683    .7377942
       knot3 |  -.9348142   .4135208    -2.26   0.025    -1.749291   -.1203376
       knot4 |  -1.641592   .4099266    -4.00   0.000    -2.448989   -.8341946
       knot5 |  -1.204423   .3140517    -3.84   0.000    -1.822984   -.5858625
       knot6 |   4.195004   .2266411    18.51   0.000     3.748609      4.6414
       knot7 |  -.4683075   .1934579    -2.42   0.016    -.8493449     -.08727
       knot8 |  -.1302133   .2605385    -0.50   0.618    -.6433737    .3829472
       knot9 |  -.9843266   .3813654    -2.58   0.010    -1.735469   -.2331837
      knot10 |  -.6329481   .5094504    -1.24   0.215    -1.636369    .3704729
      knot11 |   -.407639    .752486    -0.54   0.588    -1.889747    1.074469
       _cons |   4.212349    8.57885     0.49   0.624    -12.68468    21.10938
------------------------------------------------------------------------------

Nonlinear Nonparametric Statistics (NNS) Regression
Dependent variable:   y
Independent variable:  x
Method:               ols
Noise reduction:      mean
Partition:            xonly
Order:                5
Number of obs:        260
R-squared:            0.9822
Root MSE:             1.2958

------------------------------------------------------------------------------
           y | Coefficient  Std. err.      t    P>|t|     [95% conf. interval]
-------------+----------------------------------------------------------------
           x |   1.360247   .4354113     3.12   0.002     .5026546     2.21784
       knot1 |   .1086459   .5905505     0.18   0.854    -1.054511    1.271803
       knot2 |  -.1425108   .3939903    -0.36   0.718    -.9185198    .6334982
       knot3 |  -1.043177   .3594511    -2.90   0.004    -1.751157   -.3351963
       knot4 |  -1.287998   .3563269    -3.61   0.000    -1.989825   -.5861712
       knot5 |  -2.057754    .272988    -7.54   0.000    -2.595435   -1.520073
       knot6 |   5.828932   .1970068    29.59   0.000     5.440904    6.216959
       knot7 |  -1.625686   .1681624    -9.67   0.000    -1.956901   -1.294471
       knot8 |   -.103947   .2264719    -0.46   0.647    -.5500095    .3421154
       knot9 |  -.9222793   .3315002    -2.78   0.006    -1.575207   -.2693516
      knot10 |  -.7335276   .4428375    -1.66   0.099    -1.605747    .1386917
      knot11 |  -.4359112   .6540952    -0.67   0.506    -1.724227    .8524044
       _cons |   .8630875   7.457128     0.12   0.908    -13.82458    15.55076
------------------------------------------------------------------------------

. 
. postclose `bench'

. use "work/benchmark_results.dta", clear

. format r2 rmse_y rmse_true %8.4f

. sort scenario rmse_true

. by scenario: gen rank_true = _n

. by scenario: gen rank_y = _n

. list if rank_true <= 6, sepby(scenario) abbreviate(28)

     +----------------------------------------------------------------+
  1. |              scenario |                model |     r2 | rmse_y |
     |    clustered_peak_dip |        NNS OLS xy o3 | 0.9848 | 1.1674 |
     |----------------------------------------------------------------|
     |      rmse_true      |      rank_true       |      rank_y       |
     |         0.3942      |              1       |           1       |
     +----------------------------------------------------------------+

     +----------------------------------------------------------------+
  2. |              scenario |                model |     r2 | rmse_y |
     |    clustered_peak_dip |        NNS OLS xy o4 | 0.9860 | 1.1172 |
     |----------------------------------------------------------------|
     |      rmse_true      |      rank_true       |      rank_y       |
     |         0.4059      |              2       |           2       |
     +----------------------------------------------------------------+

     +----------------------------------------------------------------+
  3. |              scenario |                model |     r2 | rmse_y |
     |    clustered_peak_dip |        NNS OLS xy o5 | 0.9878 | 1.0450 |
     |----------------------------------------------------------------|
     |      rmse_true      |      rank_true       |      rank_y       |
     |         0.5728      |              3       |           3       |
     +----------------------------------------------------------------+

     +----------------------------------------------------------------+
  4. |              scenario |                model |     r2 | rmse_y |
     |    clustered_peak_dip |     NNS OLS xonly o5 | 0.9822 | 1.2629 |
     |----------------------------------------------------------------|
     |      rmse_true      |      rank_true       |      rank_y       |
     |         0.5783      |              4       |           4       |
     +----------------------------------------------------------------+

     +----------------------------------------------------------------+
  5. |              scenario |                model |     r2 | rmse_y |
     |    clustered_peak_dip |    NNS connect xy o3 | 0.9776 | 1.4153 |
     |----------------------------------------------------------------|
     |      rmse_true      |      rank_true       |      rank_y       |
     |         0.8686      |              5       |           5       |
     +----------------------------------------------------------------+

     +----------------------------------------------------------------+
  6. |              scenario |                model |     r2 | rmse_y |
     |    clustered_peak_dip |     npregress kernel | 0.9764 | 1.4522 |
     |----------------------------------------------------------------|
     |      rmse_true      |      rank_true       |      rank_y       |
     |         0.9344      |              6       |           6       |
     +----------------------------------------------------------------+

     +----------------------------------------------------------------+
 19. |              scenario |                model |     r2 | rmse_y |
     |         s_curve_noise |     NNS OLS xonly o4 | 0.9468 | 4.0365 |
     |----------------------------------------------------------------|
     |      rmse_true      |      rank_true       |      rank_y       |
     |         0.9546      |              1       |           1       |
     +----------------------------------------------------------------+

     +----------------------------------------------------------------+
 20. |              scenario |                model |     r2 | rmse_y |
     |         s_curve_noise |     NNS OLS xonly o5 | 0.9486 | 3.9682 |
     |----------------------------------------------------------------|
     |      rmse_true      |      rank_true       |      rank_y       |
     |         0.9731      |              2       |           2       |
     +----------------------------------------------------------------+

     +----------------------------------------------------------------+
 21. |              scenario |                model |     r2 | rmse_y |
     |         s_curve_noise |        NNS OLS xy o3 | 0.9487 | 3.9654 |
     |----------------------------------------------------------------|
     |      rmse_true      |      rank_true       |      rank_y       |
     |         1.0023      |              3       |           3       |
     +----------------------------------------------------------------+

     +----------------------------------------------------------------+
 22. |              scenario |                model |     r2 | rmse_y |
     |         s_curve_noise |        NNS OLS xy o2 | 0.9454 | 4.0892 |
     |----------------------------------------------------------------|
     |      rmse_true      |      rank_true       |      rank_y       |
     |         1.0749      |              4       |           4       |
     +----------------------------------------------------------------+

     +----------------------------------------------------------------+
 23. |              scenario |                model |     r2 | rmse_y |
     |         s_curve_noise |     npregress kernel | 0.9471 | 4.0253 |
     |----------------------------------------------------------------|
     |      rmse_true      |      rank_true       |      rank_y       |
     |         1.1038      |              5       |           5       |
     +----------------------------------------------------------------+

     +----------------------------------------------------------------+
 24. |              scenario |                model |     r2 | rmse_y |
     |         s_curve_noise | NNS connect xonly o5 | 0.9480 | 3.9927 |
     |----------------------------------------------------------------|
     |      rmse_true      |      rank_true       |      rank_y       |
     |         1.1475      |              6       |           6       |
     +----------------------------------------------------------------+

     +----------------------------------------------------------------+
 37. |              scenario |                model |     r2 | rmse_y |
     |   sine_grid_low_noise |     npregress kernel | 0.9971 | 0.0380 |
     |----------------------------------------------------------------|
     |      rmse_true      |      rank_true       |      rank_y       |
     |         0.0121      |              1       |           1       |
     +----------------------------------------------------------------+

     +----------------------------------------------------------------+
 38. |              scenario |                model |     r2 | rmse_y |
     |   sine_grid_low_noise |        NNS OLS xy o4 | 0.9970 | 0.0387 |
     |----------------------------------------------------------------|
     |      rmse_true      |      rank_true       |      rank_y       |
     |         0.0165      |              2       |           2       |
     +----------------------------------------------------------------+

     +----------------------------------------------------------------+
 39. |              scenario |                model |     r2 | rmse_y |
     |   sine_grid_low_noise |        NNS OLS xy o5 | 0.9974 | 0.0361 |
     |----------------------------------------------------------------|
     |      rmse_true      |      rank_true       |      rank_y       |
     |         0.0194      |              3       |           3       |
     +----------------------------------------------------------------+

     +----------------------------------------------------------------+
 40. |              scenario |                model |     r2 | rmse_y |
     |   sine_grid_low_noise |     NNS OLS xonly o5 | 0.9939 | 0.0558 |
     |----------------------------------------------------------------|
     |      rmse_true      |      rank_true       |      rank_y       |
     |         0.0432      |              4       |           4       |
     +----------------------------------------------------------------+

     +----------------------------------------------------------------+
 41. |              scenario |                model |     r2 | rmse_y |
     |   sine_grid_low_noise |        NNS OLS xy o3 | 0.9936 | 0.0570 |
     |----------------------------------------------------------------|
     |      rmse_true      |      rank_true       |      rank_y       |
     |         0.0456      |              5       |           5       |
     +----------------------------------------------------------------+

     +----------------------------------------------------------------+
 42. |              scenario |                model |     r2 | rmse_y |
     |   sine_grid_low_noise |    NNS connect xy o5 | 0.9885 | 0.0765 |
     |----------------------------------------------------------------|
     |      rmse_true      |      rank_true       |      rank_y       |
     |         0.0726      |              6       |           6       |
     +----------------------------------------------------------------+

     +----------------------------------------------------------------+
 55. |              scenario |                model |     r2 | rmse_y |
     | sine_random_low_noise |     npregress kernel | 0.9971 | 0.0385 |
     |----------------------------------------------------------------|
     |      rmse_true      |      rank_true       |      rank_y       |
     |         0.0153      |              1       |           1       |
     +----------------------------------------------------------------+

     +----------------------------------------------------------------+
 56. |              scenario |                model |     r2 | rmse_y |
     | sine_random_low_noise |        NNS OLS xy o4 | 0.9971 | 0.0383 |
     |----------------------------------------------------------------|
     |      rmse_true      |      rank_true       |      rank_y       |
     |         0.0182      |              2       |           2       |
     +----------------------------------------------------------------+

     +----------------------------------------------------------------+
 57. |              scenario |                model |     r2 | rmse_y |
     | sine_random_low_noise |        NNS OLS xy o5 | 0.9977 | 0.0342 |
     |----------------------------------------------------------------|
     |      rmse_true      |      rank_true       |      rank_y       |
     |         0.0251      |              3       |           3       |
     +----------------------------------------------------------------+

     +----------------------------------------------------------------+
 58. |              scenario |                model |     r2 | rmse_y |
     | sine_random_low_noise |    NNS connect xy o5 | 0.9966 | 0.0418 |
     |----------------------------------------------------------------|
     |      rmse_true      |      rank_true       |      rank_y       |
     |         0.0297      |              4       |           4       |
     +----------------------------------------------------------------+

     +----------------------------------------------------------------+
 59. |              scenario |                model |     r2 | rmse_y |
     | sine_random_low_noise |        NNS OLS xy o3 | 0.9928 | 0.0608 |
     |----------------------------------------------------------------|
     |      rmse_true      |      rank_true       |      rank_y       |
     |         0.0419      |              5       |           5       |
     +----------------------------------------------------------------+

     +----------------------------------------------------------------+
 60. |              scenario |                model |     r2 | rmse_y |
     | sine_random_low_noise |     NNS OLS xonly o5 | 0.9929 | 0.0603 |
     |----------------------------------------------------------------|
     |      rmse_true      |      rank_true       |      rank_y       |
     |         0.0456      |              6       |           6       |
     +----------------------------------------------------------------+

     +----------------------------------------------------------------+
 73. |              scenario |                model |     r2 | rmse_y |
     |       threshold_noise |     NNS OLS xonly o4 | 0.9629 | 2.3107 |
     |----------------------------------------------------------------|
     |      rmse_true      |      rank_true       |      rank_y       |
     |         0.3525      |              1       |           1       |
     +----------------------------------------------------------------+

     +----------------------------------------------------------------+
 74. |              scenario |                model |     r2 | rmse_y |
     |       threshold_noise |     npregress kernel | 0.9637 | 2.2851 |
     |----------------------------------------------------------------|
     |      rmse_true      |      rank_true       |      rank_y       |
     |         0.3760      |              2       |           2       |
     +----------------------------------------------------------------+

     +----------------------------------------------------------------+
 75. |              scenario |                model |     r2 | rmse_y |
     |       threshold_noise | NNS connect xonly o5 | 0.9632 | 2.3033 |
     |----------------------------------------------------------------|
     |      rmse_true      |      rank_true       |      rank_y       |
     |         0.3800      |              3       |           3       |
     +----------------------------------------------------------------+

     +----------------------------------------------------------------+
 76. |              scenario |                model |     r2 | rmse_y |
     |       threshold_noise |     NNS OLS xonly o2 | 0.9620 | 2.3380 |
     |----------------------------------------------------------------|
     |      rmse_true      |      rank_true       |      rank_y       |
     |         0.4124      |              4       |           4       |
     +----------------------------------------------------------------+

     +----------------------------------------------------------------+
 77. |              scenario |                model |     r2 | rmse_y |
     |       threshold_noise |     NNS OLS xonly o5 | 0.9638 | 2.2828 |
     |----------------------------------------------------------------|
     |      rmse_true      |      rank_true       |      rank_y       |
     |         0.4641      |              5       |           5       |
     +----------------------------------------------------------------+

     +----------------------------------------------------------------+
 78. |              scenario |                model |     r2 | rmse_y |
     |       threshold_noise |        NNS OLS xy o3 | 0.9634 | 2.2955 |
     |----------------------------------------------------------------|
     |      rmse_true      |      rank_true       |      rank_y       |
     |         0.4718      |              6       |           6       |
     +----------------------------------------------------------------+

. export delimited using "work/benchmark_results.csv", replace
(file work/benchmark_results.csv not found)
file work/benchmark_results.csv saved

. 
end of do-file
